245189,2,"SHIFT M-233","IF5720","ADIDAS TENIS SHIFT M","ADIDAS TENIS SHIFT M","TAM.38 AO 43 123321",599.99,"PR",10,380,386,66,24,60,3
245190,2,"SHIFT M-233","IF5720","ADIDAS TENIS SHIFT M","ADIDAS TENIS SHIFT M","TAM.39 AO 42 1221",599.99,"PR",10,380,386,66,24,60,3
245191,2,"SHIFT M-233","IF5720","ADIDAS TENIS SHIFT M","ADIDAS TENIS SHIFT M","TAM.39 AO 44 133221",599.99,"PR",10,380,386,66,24,60,3
245192,1,"SHIFT M-233","IF5721","ADIDAS TENIS SHIFT M","ADIDAS TENIS SHIFT M","TAM.37 AO 42 123321",599.99,"PR",10,2593,386,66,24,60,3
245193,2,"SHIFT M-233","IF5721","ADIDAS TENIS SHIFT M","ADIDAS TENIS SHIFT M","TAM.38 AO 43 123321",599.99,"PR",10,2593,386,66,24,60,3
245194,2,"SHIFT M-233","IF5721","ADIDAS TENIS SHIFT M","ADIDAS TENIS SHIFT M","TAM.39 AO 42 1221",599.99,"PR",10,2593,386,66,24,60,3
245195,2,"SHIFT M-233","IF5721","ADIDAS TENIS SHIFT M","ADIDAS TENIS SHIFT M","TAM.39 AO 44 133221",599.99,"PR",10,2593,386,66,24,60,3
245196,2,"SHIFT W-233","IF5724","ADIDAS TENIS SHIFT W","ADIDAS TENIS SHIFT W","TAM.34 AO 39 123321",599.99,"PR",10,438,486,66,24,60,3
245197,2,"SHIFT W-233","IF5724","ADIDAS TENIS SHIFT W","ADIDAS TENIS SHIFT W","TAM.35 AO 38 1221",599.99,"PR",10,438,486,66,24,60,3
245198,1,"SHIFT W-233","IF5724","ADIDAS TENIS SHIFT W","ADIDAS TENIS SHIFT W","TAM.35 AO 40 123321",599.99,"PR",10,438,486,66,24,60,3
245199,2,"SHIFT W-233","IF5725","ADIDAS TENIS SHIFT W","ADIDAS TENIS SHIFT W","TAM.34 AO 39 123321",599.99,"PR",10,2349,2349,66,24,60,3
245200,2,"SHIFT W-233","IF5725","ADIDAS TENIS SHIFT W","ADIDAS TENIS SHIFT W","TAM.35 AO 38 1221",599.99,"PR",10,2349,2349,66,24,60,3
245201,1,"SHIFT W-233","IF5725","ADIDAS TENIS SHIFT W","ADIDAS TENIS SHIFT W","TAM.35 AO 40 123321",599.99,"PR",10,2349,2349,66,24,60,3
245202,2,"SHIFT W-233","IF5730","ADIDAS TENIS SHIFT W","ADIDAS TENIS SHIFT W","TAM.34 AO 39 123321",599.99,"PR",10,2344,2596,66,24,60,3
245203,2,"SHIFT W-233","IF5730","ADIDAS TENIS SHIFT W","ADIDAS TENIS SHIFT W","TAM.35 AO 38 1221",599.99,"PR",10,2344,2596,66,24,60,3
245204,1,"SHIFT W-233","IF5730","ADIDAS TENIS SHIFT W","ADIDAS TENIS SHIFT W","TAM.35 AO 40 123321",599.99,"PR",10,2344,2596,66,24,60,3
245205,2,"SHIFT W-233","IF5731","ADIDAS TENIS SHIFT W","ADIDAS TENIS SHIFT W","TAM.34 AO 39 123321",599.99,"PR",10,380,380,66,24,60,3
245206,2,"SHIFT W-233","IF5731","ADIDAS TENIS SHIFT W","ADIDAS TENIS SHIFT W","TAM.35 AO 38 1221",599.99,"PR",10,380,380,66,24,60,3
245207,1,"SHIFT W-233","IF5731","ADIDAS TENIS SHIFT W","ADIDAS TENIS SHIFT W","TAM.35 AO 40 123321",599.99,"PR",10,380,380,66,24,60,3
245208,2,"SHIFT W-233","IF5732","ADIDAS TENIS SHIFT W","ADIDAS TENIS SHIFT W","TAM.34 AO 39 123321",599.99,"PR",10,386,380,66,24,60,3
245209,2,"SHIFT W-233","IF5732","ADIDAS TENIS SHIFT W","ADIDAS TENIS SHIFT W","TAM.35 AO 38 1221",599.99,"PR",10,386,380,66,24,60,3
245210,1,"SHIFT W-233","IF5732","ADIDAS TENIS SHIFT W","ADIDAS TENIS SHIFT W","TAM.35 AO 40 123321",599.99,"PR",10,386,380,66,24,60,3
245211,2,"SHIFT W-233","IF5733","ADIDAS TENIS SHIFT W","ADIDAS TENIS SHIFT W","TAM.34 AO 39 123321",599.99,"PR",10,380,386,66,24,60,3
245212,2,"SHIFT W-233","IF5733","ADIDAS TENIS SHIFT W","ADIDAS TENIS SHIFT W","TAM.35 AO 38 1221",599.99,"PR",10,380,386,66,24,60,3
245213,1,"SHIFT W-233","IF5733","ADIDAS TENIS SHIFT W","ADIDAS TENIS SHIFT W","TAM.35 AO 40 123321",599.99,"PR",10,380,386,66,24,60,3
245214,2,"SHIFT W-233","IF5734","ADIDAS TENIS SHIFT W","ADIDAS TENIS SHIFT W","TAM.34 AO 39 123321",599.99,"PR",10,386,2345,66,24,60,3
245215,2,"SHIFT W-233","IF5734","ADIDAS TENIS SHIFT W","ADIDAS TENIS SHIFT W","TAM.35 AO 38 1221",599.99,"PR",10,386,2345,66,24,60,3
245216,1,"SHIFT W-233","IF5734","ADIDAS TENIS SHIFT W","ADIDAS TENIS SHIFT W","TAM.35 AO 40 123321",599.99,"PR",10,386,2345,66,24,60,3
245217,1,"DURAMO SL M-233","IF7256","ADIDAS TENIS DURAMO SL M","ADIDAS TENIS DURAMO SL M","TAM.37 AO 42 123321",499.99,"PR",10,2592,380,66,24,60,3
245218,2,"DURAMO SL M-233","IF7256","ADIDAS TENIS DURAMO SL M","ADIDAS TENIS DURAMO SL M","TAM.38 AO 43 123321",499.99,"PR",10,2592,380,66,24,60,3
245219,2,"DURAMO SL M-233","IF7256","ADIDAS TENIS DURAMO SL M","ADIDAS TENIS DURAMO SL M","TAM.39 AO 42 1221",499.99,"PR",10,2592,380,66,24,60,3
245220,2,"DURAMO SL M-233","IF7256","ADIDAS TENIS DURAMO SL M","ADIDAS TENIS DURAMO SL M","TAM.39 AO 44 133221",499.99,"PR",10,2592,380,66,24,60,3
245221,2,"DURAMO SL W-233","IF7273","ADIDAS TENIS DURAMO SL W","ADIDAS TENIS DURAMO SL W","TAM.34 AO 39 123321",499.99,"PR",10,2593,2592,66,24,60,3
245222,2,"DURAMO SL W-233","IF7273","ADIDAS TENIS DURAMO SL W","ADIDAS TENIS DURAMO SL W","TAM.35 AO 38 1221",499.99,"PR",10,2593,2592,66,24,60,3
245223,1,"DURAMO SL W-233","IF7273","ADIDAS TENIS DURAMO SL W","ADIDAS TENIS DURAMO SL W","TAM.35 AO 40 123321",499.99,"PR",10,2593,2592,66,24,60,3
245224,2,"ALPHAEDGE +-233","IF7286","ADIDAS TENIS ALPHAEDGE","ADIDAS TENIS ALPHAEDGE","TAM.34 AO 39 123321",599.99,"PR",10,762,762,66,34,60,3
245225,2,"ALPHAEDGE +-233","IF7286","ADIDAS TENIS ALPHAEDGE","ADIDAS TENIS ALPHAEDGE","TAM.35 AO 38 1221",599.99,"PR",10,762,762,66,34,60,3
245226,1,"ALPHAEDGE +-233","IF7286","ADIDAS TENIS ALPHAEDGE","ADIDAS TENIS ALPHAEDGE","TAM.35 AO 40 123321",599.99,"PR",10,762,762,66,34,60,3
245227,2,"ALPHAEDGE +-233","IF7287","ADIDAS TENIS ALPHAEDGE","ADIDAS TENIS ALPHAEDGE","TAM.34 AO 39 123321",599.99,"PR",10,380,388,66,34,60,3
245228,2,"ALPHAEDGE +-233","IF7287","ADIDAS TENIS ALPHAEDGE","ADIDAS TENIS ALPHAEDGE","TAM.35 AO 38 1221",599.99,"PR",10,380,388,66,34,60,3
245229,1,"ALPHAEDGE +-233","IF7287","ADIDAS TENIS ALPHAEDGE","ADIDAS TENIS ALPHAEDGE","TAM.35 AO 40 123321",599.99,"PR",10,380,388,66,34,60,3
245230,2,"ALPHAEDGE +-233","IF7288","ADIDAS TENIS ALPHAEDGE","ADIDAS TENIS ALPHAEDGE","TAM.34 AO 39 123321",599.99,"PR",10,1900,2344,66,34,60,3
245231,2,"ALPHAEDGE +-233","IF7288","ADIDAS TENIS ALPHAEDGE","ADIDAS TENIS ALPHAEDGE","TAM.35 AO 38 1221",599.99,"PR",10,1900,2344,66,34,60,3
245232,1,"ALPHAEDGE +-233","IF7288","ADIDAS TENIS ALPHAEDGE","ADIDAS TENIS ALPHAEDGE","TAM.35 AO 40 123321",599.99,"PR",10,1900,2344,66,34,60,3
245233,1,"ALPHAEDGE +-233","IF7290","ADIDAS TENIS ALPHAEDGE","ADIDAS TENIS ALPHAEDGE","TAM.37 AO 42 123321",599.99,"PR",10,380,380,66,34,60,3
245234,2,"ALPHAEDGE +-233","IF7290","ADIDAS TENIS ALPHAEDGE","ADIDAS TENIS ALPHAEDGE","TAM.38 AO 43 123321",599.99,"PR",10,380,380,66,34,60,3
245235,2,"ALPHAEDGE +-233","IF7290","ADIDAS TENIS ALPHAEDGE","ADIDAS TENIS ALPHAEDGE","TAM.39 AO 42 1221",599.99,"PR",10,380,380,66,34,60,3
245236,2,"ALPHAEDGE +-233","IF7290","ADIDAS TENIS ALPHAEDGE","ADIDAS TENIS ALPHAEDGE","TAM.39 AO 44 133221",599.99,"PR",10,380,380,66,34,60,3
245237,1,"ALPHAEDGE +-233","IF7292","ADIDAS TENIS ALPHAEDGE","ADIDAS TENIS ALPHAEDGE","TAM.37 AO 42 123321",599.99,"PR",10,380,386,66,34,60,3
245238,2,"ALPHAEDGE +-233","IF7292","ADIDAS TENIS ALPHAEDGE","ADIDAS TENIS ALPHAEDGE","TAM.38 AO 43 123321",599.99,"PR",10,380,386,66,34,60,3
245239,2,"ALPHAEDGE +-233","IF7292","ADIDAS TENIS ALPHAEDGE","ADIDAS TENIS ALPHAEDGE","TAM.39 AO 42 1221",599.99,"PR",10,380,386,66,34,60,3
245240,2,"ALPHAEDGE +-233","IF7292","ADIDAS TENIS ALPHAEDGE","ADIDAS TENIS ALPHAEDGE","TAM.39 AO 44 133221",599.99,"PR",10,380,386,66,34,60,3
245241,1,"ALPHAEDGE +-233","IF7293","ADIDAS TENIS ALPHAEDGE","ADIDAS TENIS ALPHAEDGE","TAM.37 AO 42 123321",599.99,"PR",10,1266,1915,66,34,60,3
245242,2,"ALPHAEDGE +-233","IF7293","ADIDAS TENIS ALPHAEDGE","ADIDAS TENIS ALPHAEDGE","TAM.38 AO 43 123321",599.99,"PR",10,1266,1915,66,34,60,3
245243,2,"ALPHAEDGE +-233","IF7293","ADIDAS TENIS ALPHAEDGE","ADIDAS TENIS ALPHAEDGE","TAM.39 AO 42 1221",599.99,"PR",10,1266,1915,66,34,60,3
245244,2,"ALPHAEDGE +-233","IF7293","ADIDAS TENIS ALPHAEDGE","ADIDAS TENIS ALPHAEDGE","TAM.39 AO 44 133221",599.99,"PR",10,1266,1915,66,34,60,3
245245,1,"ALPHAEDGE +-233","IF7295","ADIDAS TENIS ALPHAEDGE","ADIDAS TENIS ALPHAEDGE","TAM.37 AO 42 123321",599.99,"PR",10,781,781,66,34,60,3
245246,2,"ALPHAEDGE +-233","IF7295","ADIDAS TENIS ALPHAEDGE","ADIDAS TENIS ALPHAEDGE","TAM.38 AO 43 123321",599.99,"PR",10,781,781,66,34,60,3
245247,2,"ALPHAEDGE +-233","IF7295","ADIDAS TENIS ALPHAEDGE","ADIDAS TENIS ALPHAEDGE","TAM.39 AO 42 1221",599.99,"PR",10,781,781,66,34,60,3
245248,2,"ALPHAEDGE +-233","IF7295","ADIDAS TENIS ALPHAEDGE","ADIDAS TENIS ALPHAEDGE","TAM.39 AO 44 133221",599.99,"PR",10,781,781,66,34,60,3
245249,1,"ALPHAEDGE +-233","IF7296","ADIDAS TENIS ALPHAEDGE","ADIDAS TENIS ALPHAEDGE","TAM.37 AO 42 123321",599.99,"PR",10,2595,2396,66,34,60,3
245250,2,"ALPHAEDGE +-233","IF7296","ADIDAS TENIS ALPHAEDGE","ADIDAS TENIS ALPHAEDGE","TAM.38 AO 43 123321",599.99,"PR",10,2595,2396,66,34,60,3
245251,2,"ALPHAEDGE +-233","IF7296","ADIDAS TENIS ALPHAEDGE","ADIDAS TENIS ALPHAEDGE","TAM.39 AO 42 1221",599.99,"PR",10,2595,2396,66,34,60,3
245252,2,"ALPHAEDGE +-233","IF7296","ADIDAS TENIS ALPHAEDGE","ADIDAS TENIS ALPHAEDGE","TAM.39 AO 44 133221",599.99,"PR",10,2595,2396,66,34,60,3
245253,1,"ALPHAEDGE +-233","IF7297","ADIDAS TENIS ALPHAEDGE","ADIDAS TENIS ALPHAEDGE","TAM.37 AO 42 123321",599.99,"PR",10,1260,443,66,34,60,3
245254,2,"ALPHAEDGE +-233","IF7297","ADIDAS TENIS ALPHAEDGE","ADIDAS TENIS ALPHAEDGE","TAM.38 AO 43 123321",599.99,"PR",10,1260,443,66,34,60,3
245255,2,"ALPHAEDGE +-233","IF7297","ADIDAS TENIS ALPHAEDGE","ADIDAS TENIS ALPHAEDGE","TAM.39 AO 42 1221",599.99,"PR",10,1260,443,66,34,60,3
245256,2,"ALPHAEDGE +-233","IF7297","ADIDAS TENIS ALPHAEDGE","ADIDAS TENIS ALPHAEDGE","TAM.39 AO 44 133221",599.99,"PR",10,1260,443,66,34,60,3
245257,1,"VS PACE 2.0-233","IF7552","ADIDAS TENIS VS PACE 2 0","ADIDAS TENIS VS PACE 2 0","TAM.37 AO 42 123321",349.99,"PR",10,443,756,66,34,60,3
245258,2,"VS PACE 2.0-233","IF7552","ADIDAS TENIS VS PACE 2 0","ADIDAS TENIS VS PACE 2 0","TAM.38 AO 43 123321",349.99,"PR",10,443,756,66,34,60,3
245259,2,"VS PACE 2.0-233","IF7552","ADIDAS TENIS VS PACE 2 0","ADIDAS TENIS VS PACE 2 0","TAM.39 AO 44 133221",349.99,"PR",10,443,756,66,34,60,3
245260,1,"VS PACE 2.0-233","IF7553","ADIDAS TENIS VS PACE 2 0","ADIDAS TENIS VS PACE 2 0","TAM.37 AO 42 123321",349.99,"PR",10,387,2610,66,34,60,3
245261,2,"VS PACE 2.0-233","IF7553","ADIDAS TENIS VS PACE 2 0","ADIDAS TENIS VS PACE 2 0","TAM.38 AO 43 123321",349.99,"PR",10,387,2610,66,34,60,3
245262,2,"VS PACE 2.0-233","IF7553","ADIDAS TENIS VS PACE 2 0","ADIDAS TENIS VS PACE 2 0","TAM.39 AO 44 133221",349.99,"PR",10,387,2610,66,34,60,3
245263,1,"ALPHAEDGE +-233","IF7732","ADIDAS TENIS ALPHAEDGE","ADIDAS TENIS ALPHAEDGE","TAM.37 AO 42 123321",599.99,"PR",10,386,380,66,34,60,3
245264,2,"ALPHAEDGE +-233","IF7732","ADIDAS TENIS ALPHAEDGE","ADIDAS TENIS ALPHAEDGE","TAM.38 AO 43 123321",599.99,"PR",10,386,380,66,34,60,3
245265,2,"ALPHAEDGE +-233","IF7732","ADIDAS TENIS ALPHAEDGE","ADIDAS TENIS ALPHAEDGE","TAM.39 AO 42 1221",599.99,"PR",10,386,380,66,34,60,3
245266,2,"ALPHAEDGE +-233","IF7732","ADIDAS TENIS ALPHAEDGE","ADIDAS TENIS ALPHAEDGE","TAM.39 AO 44 133221",599.99,"PR",10,386,380,66,34,60,3
245267,2,"RESPONSE RUNNER U-233","IF7810","ADIDAS TENIS RESPONSE RUNNER U","ADIDAS TENIS RESPONSE RUNNER U","TAM.34 AO 39 123321",399.99,"PR",10,380,2338,66,24,60,3
245268,2,"RESPONSE RUNNER U-233","IF7810","ADIDAS TENIS RESPONSE RUNNER U","ADIDAS TENIS RESPONSE RUNNER U","TAM.35 AO 38 1221",399.99,"PR",10,380,2338,66,24,60,3
245269,1,"RESPONSE RUNNER U-233","IF7810","ADIDAS TENIS RESPONSE RUNNER U","ADIDAS TENIS RESPONSE RUNNER U","TAM.35 AO 40 123321",399.99,"PR",10,380,2338,66,24,60,3
245270,1,"RESPONSE RUNNER U-233","IF7810","ADIDAS TENIS RESPONSE RUNNER U","ADIDAS TENIS RESPONSE RUNNER U","TAM.37 AO 42 123321",399.99,"PR",10,380,2338,66,24,60,3
245271,2,"RESPONSE RUNNER U-233","IF7810","ADIDAS TENIS RESPONSE RUNNER U","ADIDAS TENIS RESPONSE RUNNER U","TAM.38 AO 43 123321",399.99,"PR",10,380,2338,66,24,60,3
245272,2,"RESPONSE RUNNER U-233","IF7810","ADIDAS TENIS RESPONSE RUNNER U","ADIDAS TENIS RESPONSE RUNNER U","TAM.39 AO 42 1221",399.99,"PR",10,380,2338,66,24,60,3
245273,2,"RESPONSE RUNNER U-233","IF7810","ADIDAS TENIS RESPONSE RUNNER U","ADIDAS TENIS RESPONSE RUNNER U","TAM.39 AO 44 133221",399.99,"PR",10,380,2338,66,24,60,3
245274,1,"MIDCITY MID-233","IF7827","ADIDAS TENIS MIDCITY MID","ADIDAS TENIS MIDCITY MID","TAM.37 AO 42 123321",699.99,"PR",10,1668,2400,66,4,60,3
245275,2,"MIDCITY MID-233","IF7827","ADIDAS TENIS MIDCITY MID","ADIDAS TENIS MIDCITY MID","TAM.38 AO 43 123321",699.99,"PR",10,1668,2400,66,4,60,3
245276,2,"MIDCITY MID-233","IF7827","ADIDAS TENIS MIDCITY MID","ADIDAS TENIS MIDCITY MID","TAM.39 AO 42 1221",699.99,"PR",10,1668,2400,66,4,60,3
245277,2,"MIDCITY MID-233","IF7827","ADIDAS TENIS MIDCITY MID","ADIDAS TENIS MIDCITY MID","TAM.39 AO 44 133221",699.99,"PR",10,1668,2400,66,4,60,3
245278,1,"DURAMO SL M-233","IF7866","ADIDAS TENIS DURAMO SL M","ADIDAS TENIS DURAMO SL M","TAM.37 AO 42 123321",499.99,"PR",10,2591,386,66,24,60,3
245279,2,"DURAMO SL M-233","IF7866","ADIDAS TENIS DURAMO SL M","ADIDAS TENIS DURAMO SL M","TAM.38 AO 43 123321",499.99,"PR",10,2591,386,66,24,60,3
245280,2,"DURAMO SL M-233","IF7866","ADIDAS TENIS DURAMO SL M","ADIDAS TENIS DURAMO SL M","TAM.39 AO 42 1221",499.99,"PR",10,2591,386,66,24,60,3
245281,2,"DURAMO SL M-233","IF7866","ADIDAS TENIS DURAMO SL M","ADIDAS TENIS DURAMO SL M","TAM.39 AO 44 133221",499.99,"PR",10,2591,386,66,24,60,3
245282,2,"DURAMO SL W-233","IF7877","ADIDAS TENIS DURAMO SL W","ADIDAS TENIS DURAMO SL W","TAM.34 AO 39 123321",499.99,"PR",10,450,386,66,24,60,3
245283,2,"DURAMO SL W-233","IF7877","ADIDAS TENIS DURAMO SL W","ADIDAS TENIS DURAMO SL W","TAM.35 AO 38 1221",499.99,"PR",10,450,386,66,24,60,3
245284,1,"DURAMO SL W-233","IF7877","ADIDAS TENIS DURAMO SL W","ADIDAS TENIS DURAMO SL W","TAM.35 AO 40 123321",499.99,"PR",10,450,386,66,24,60,3
245285,2,"DURAMO SL W-233","IF7881","ADIDAS TENIS DURAMO SL W","ADIDAS TENIS DURAMO SL W","TAM.34 AO 39 123321",499.99,"PR",10,2601,386,66,24,60,3
245286,2,"DURAMO SL W-233","IF7881","ADIDAS TENIS DURAMO SL W","ADIDAS TENIS DURAMO SL W","TAM.35 AO 38 1221",499.99,"PR",10,2601,386,66,24,60,3
245287,1,"DURAMO SL W-233","IF7881","ADIDAS TENIS DURAMO SL W","ADIDAS TENIS DURAMO SL W","TAM.35 AO 40 123321",499.99,"PR",10,2601,386,66,24,60,3
245288,2,"DURAMO SL W-233","IF7882","ADIDAS TENIS DURAMO SL W","ADIDAS TENIS DURAMO SL W","TAM.34 AO 39 123321",499.99,"PR",10,2336,2142,66,24,60,3
245289,2,"DURAMO SL W-233","IF7882","ADIDAS TENIS DURAMO SL W","ADIDAS TENIS DURAMO SL W","TAM.35 AO 38 1221",499.99,"PR",10,2336,2142,66,24,60,3
245290,1,"DURAMO SL W-233","IF7882","ADIDAS TENIS DURAMO SL W","ADIDAS TENIS DURAMO SL W","TAM.35 AO 40 123321",499.99,"PR",10,2336,2142,66,24,60,3
245291,2,"DURAMO SL W-233","IF7883","ADIDAS TENIS DURAMO SL W","ADIDAS TENIS DURAMO SL W","TAM.34 AO 39 123321",499.99,"PR",10,386,494,66,24,60,3
245292,2,"DURAMO SL W-233","IF7883","ADIDAS TENIS DURAMO SL W","ADIDAS TENIS DURAMO SL W","TAM.35 AO 38 1221",499.99,"PR",10,386,494,66,24,60,3
245293,1,"DURAMO SL W-233","IF7883","ADIDAS TENIS DURAMO SL W","ADIDAS TENIS DURAMO SL W","TAM.35 AO 40 123321",499.99,"PR",10,386,494,66,24,60,3
245294,2,"DURAMO SL W-233","IF7884","ADIDAS TENIS DURAMO SL W","ADIDAS TENIS DURAMO SL W","TAM.34 AO 39 123321",499.99,"PR",10,2596,386,66,24,60,3
245295,2,"DURAMO SL W-233","IF7884","ADIDAS TENIS DURAMO SL W","ADIDAS TENIS DURAMO SL W","TAM.35 AO 38 1221",499.99,"PR",10,2596,386,66,24,60,3
245296,1,"DURAMO SL W-233","IF7884","ADIDAS TENIS DURAMO SL W","ADIDAS TENIS DURAMO SL W","TAM.35 AO 40 123321",499.99,"PR",10,2596,386,66,24,60,3
245297,2,"DURAMO SL W-233","IF7885","ADIDAS TENIS DURAMO SL W","ADIDAS TENIS DURAMO SL W","TAM.34 AO 39 123321",499.99,"PR",10,380,2604,66,24,60,3
245298,2,"DURAMO SL W-233","IF7885","ADIDAS TENIS DURAMO SL W","ADIDAS TENIS DURAMO SL W","TAM.35 AO 38 1221",499.99,"PR",10,380,2604,66,24,60,3
245299,1,"DURAMO SL W-233","IF7885","ADIDAS TENIS DURAMO SL W","ADIDAS TENIS DURAMO SL W","TAM.35 AO 40 123321",499.99,"PR",10,380,2604,66,24,60,3
245300,2,"COURT FUNK-233","IF7912","ADIDAS TENIS COURT FUNK","ADIDAS TENIS COURT FUNK","TAM.34 AO 39 123321",699.99,"PR",10,380,380,66,34,60,3
245301,2,"COURT FUNK-233","IF7912","ADIDAS TENIS COURT FUNK","ADIDAS TENIS COURT FUNK","TAM.35 AO 38 1221",699.99,"PR",10,380,380,66,34,60,3
245302,1,"COURT FUNK-233","IF7912","ADIDAS TENIS COURT FUNK","ADIDAS TENIS COURT FUNK","TAM.35 AO 40 123321",699.99,"PR",10,380,380,66,34,60,3
245303,1,"ADVANTAGE BASE-233","IF8007","ADIDAS TENIS ADVANTAGE BASE","ADIDAS TENIS ADVANTAGE BASE","TAM.37 AO 42 123321",349.99,"PR",10,2591,2591,66,34,60,3
245304,2,"ADVANTAGE BASE-233","IF8007","ADIDAS TENIS ADVANTAGE BASE","ADIDAS TENIS ADVANTAGE BASE","TAM.38 AO 43 123321",349.99,"PR",10,2591,2591,66,34,60,3
245305,2,"ADVANTAGE BASE-233","IF8007","ADIDAS TENIS ADVANTAGE BASE","ADIDAS TENIS ADVANTAGE BASE","TAM.39 AO 44 133221",349.99,"PR",10,2591,2591,66,34,60,3
245306,2,"BRAVADA 2.0 MID-233","IF8055","ADIDAS TENIS BRAVADA MID FARM","ADIDAS TENIS BRAVADA MID FARM","TAM.34 AO 39 123321",649.99,"PR",10,386,386,66,34,60,3
245307,2,"BRAVADA 2.0 MID-233","IF8055","ADIDAS TENIS BRAVADA MID FARM","ADIDAS TENIS BRAVADA MID FARM","TAM.35 AO 38 1221",649.99,"PR",10,386,386,66,34,60,3
245308,1,"BRAVADA 2.0 MID-233","IF8055","ADIDAS TENIS BRAVADA MID FARM","ADIDAS TENIS BRAVADA MID FARM","TAM.35 AO 40 123321",649.99,"PR",10,386,386,66,34,60,3
245309,1,"KANTANA-233","IF8086","ADIDAS TENIS KANTANA","ADIDAS TENIS KANTANA","TAM.37 AO 42 123321",599.99,"PR",10,745,2613,66,34,60,3
245310,2,"KANTANA-233","IF8086","ADIDAS TENIS KANTANA","ADIDAS TENIS KANTANA","TAM.38 AO 43 123321",599.99,"PR",10,745,2613,66,34,60,3
245311,2,"KANTANA-233","IF8086","ADIDAS TENIS KANTANA","ADIDAS TENIS KANTANA","TAM.39 AO 42 1221",599.99,"PR",10,745,2613,66,34,60,3
245312,2,"KANTANA-233","IF8086","ADIDAS TENIS KANTANA","ADIDAS TENIS KANTANA","TAM.39 AO 44 133221",599.99,"PR",10,745,2613,66,34,60,3
245313,2,"SHIFT FWD W-233","IF8185","ADIDAS TENIS SHIFT FWD W","ADIDAS TENIS SHIFT FWD W","TAM.34 AO 39 123321",999.99,"PR",10,2349,2142,66,24,60,3
245314,2,"SHIFT FWD W-233","IF8185","ADIDAS TENIS SHIFT FWD W","ADIDAS TENIS SHIFT FWD W","TAM.35 AO 38 1221",999.99,"PR",10,2349,2142,66,24,60,3
245315,1,"SHIFT FWD W-233","IF8185","ADIDAS TENIS SHIFT FWD W","ADIDAS TENIS SHIFT FWD W","TAM.35 AO 40 123321",999.99,"PR",10,2349,2142,66,24,60,3
245316,2,"GRAND COURT SPIDER-MAN CF I-233","IF9893","ADIDAS GRAND COURT SPIDER MAN","ADIDAS TENIS GRAND COURT SPIDER MAN","TAM.18 AO 21 2442",349.99,"PR",10,386,380,66,34,65,3
245317,1,"AVRYN J-233","IG0123","ADIDAS TENIS AVRYN","ADIDAS TENIS AVRYN","TAM.34 AO 36 444",999.99,"PR",10,386,2142,66,34,60,3
245318,1,"AVRYN J-233","IG0124","ADIDAS TENIS AVRYN","ADIDAS TENIS AVRYN","TAM.34 AO 36 444",999.99,"PR",10,380,380,66,34,60,3
245319,2,"RESPONSE SOLAR-233","IG0331","ADIDAS TENIS RESPONSE M","ADIDAS TENIS RESPONSE M","TAM.34 AO 39 123321",499.99,"PR",10,1923,2142,66,24,60,3
245320,2,"RESPONSE SOLAR-233","IG0331","ADIDAS TENIS RESPONSE M","ADIDAS TENIS RESPONSE M","TAM.35 AO 38 1221",499.99,"PR",10,1923,2142,66,24,60,3
245321,1,"RESPONSE SOLAR-233","IG0331","ADIDAS TENIS RESPONSE M","ADIDAS TENIS RESPONSE M","TAM.35 AO 40 123321",499.99,"PR",10,1923,2142,66,24,60,3
245322,2,"RESPONSE SOLAR-233","IG0332","ADIDAS TENIS RESPONSE M","ADIDAS TENIS RESPONSE M","TAM.34 AO 39 123321",499.99,"PR",10,380,2345,66,24,60,3
245323,2,"RESPONSE SOLAR-233","IG0332","ADIDAS TENIS RESPONSE M","ADIDAS TENIS RESPONSE M","TAM.35 AO 38 1221",499.99,"PR",10,380,2345,66,24,60,3
245324,1,"RESPONSE SOLAR-233","IG0332","ADIDAS TENIS RESPONSE M","ADIDAS TENIS RESPONSE M","TAM.35 AO 40 123321",499.99,"PR",10,380,2345,66,24,60,3
245325,2,"RESPONSE SOLAR-233","IG0333","ADIDAS TENIS RESPONSE M","ADIDAS TENIS RESPONSE M","TAM.34 AO 39 123321",499.99,"PR",10,2604,2355,66,24,60,3
245326,2,"RESPONSE SOLAR-233","IG0333","ADIDAS TENIS RESPONSE M","ADIDAS TENIS RESPONSE M","TAM.35 AO 38 1221",499.99,"PR",10,2604,2355,66,24,60,3
245327,1,"RESPONSE SOLAR-233","IG0333","ADIDAS TENIS RESPONSE M","ADIDAS TENIS RESPONSE M","TAM.35 AO 40 123321",499.99,"PR",10,2604,2355,66,24,60,3
245328,2,"RESPONSE SOLAR-233","IG0334","ADIDAS TENIS RESPONSE M","ADIDAS TENIS RESPONSE M","TAM.34 AO 39 123321",499.99,"PR",10,2602,398,66,24,60,3
245329,2,"RESPONSE SOLAR-233","IG0334","ADIDAS TENIS RESPONSE M","ADIDAS TENIS RESPONSE M","TAM.35 AO 38 1221",499.99,"PR",10,2602,398,66,24,60,3
245330,1,"RESPONSE SOLAR-233","IG0334","ADIDAS TENIS RESPONSE M","ADIDAS TENIS RESPONSE M","TAM.35 AO 40 123321",499.99,"PR",10,2602,398,66,24,60,3
245331,1,"RESPONSE SOLAR-233","IG0341","ADIDAS TENIS RESPONSE M","ADIDAS TENIS RESPONSE M","TAM.37 AO 42 123321",499.99,"PR",10,2355,398,66,24,60,3
245332,2,"RESPONSE SOLAR-233","IG0341","ADIDAS TENIS RESPONSE M","ADIDAS TENIS RESPONSE M","TAM.38 AO 43 123321",499.99,"PR",10,2355,398,66,24,60,3
245333,2,"RESPONSE SOLAR-233","IG0341","ADIDAS TENIS RESPONSE M","ADIDAS TENIS RESPONSE M","TAM.39 AO 42 1221",499.99,"PR",10,2355,398,66,24,60,3
245334,2,"RESPONSE SOLAR-233","IG0341","ADIDAS TENIS RESPONSE M","ADIDAS TENIS RESPONSE M","TAM.39 AO 44 133221",499.99,"PR",10,2355,398,66,24,60,3
245335,1,"RESPONSE SOLAR-233","IG0342","ADIDAS TENIS RESPONSE M","ADIDAS TENIS RESPONSE M","TAM.37 AO 42 123321",499.99,"PR",10,380,1922,66,24,60,3
245336,2,"RESPONSE SOLAR-233","IG0342","ADIDAS TENIS RESPONSE M","ADIDAS TENIS RESPONSE M","TAM.38 AO 43 123321",499.99,"PR",10,380,1922,66,24,60,3
245337,2,"RESPONSE SOLAR-233","IG0342","ADIDAS TENIS RESPONSE M","ADIDAS TENIS RESPONSE M","TAM.39 AO 42 1221",499.99,"PR",10,380,1922,66,24,60,3
245338,2,"RESPONSE SOLAR-233","IG0342","ADIDAS TENIS RESPONSE M","ADIDAS TENIS RESPONSE M","TAM.39 AO 44 133221",499.99,"PR",10,380,1922,66,24,60,3
245339,1,"RESPONSE SOLAR-233","IG0343","ADIDAS TENIS RESPONSE M","ADIDAS TENIS RESPONSE M","TAM.37 AO 42 123321",499.99,"PR",10,389,472,66,24,60,3
245340,2,"RESPONSE SOLAR-233","IG0343","ADIDAS TENIS RESPONSE M","ADIDAS TENIS RESPONSE M","TAM.38 AO 43 123321",499.99,"PR",10,389,472,66,24,60,3
245341,2,"RESPONSE SOLAR-233","IG0343","ADIDAS TENIS RESPONSE M","ADIDAS TENIS RESPONSE M","TAM.39 AO 42 1221",499.99,"PR",10,389,472,66,24,60,3
245342,2,"RESPONSE SOLAR-233","IG0343","ADIDAS TENIS RESPONSE M","ADIDAS TENIS RESPONSE M","TAM.39 AO 44 133221",499.99,"PR",10,389,472,66,24,60,3
245343,2,"ZNSORED HI PREM LEATHER-233","IG0436","ADIDAS TENIS ZNSORED","ADIDAS TENIS ZNSORED","TAM.34 AO 39 123321",799.99,"PR",10,780,780,66,34,60,3
245344,2,"ZNSORED HI PREM LEATHER-233","IG0436","ADIDAS TENIS ZNSORED","ADIDAS TENIS ZNSORED","TAM.35 AO 38 1221",799.99,"PR",10,780,780,66,34,60,3
245345,1,"ZNSORED HI PREM LEATHER-233","IG0436","ADIDAS TENIS ZNSORED","ADIDAS TENIS ZNSORED","TAM.35 AO 40 123321",799.99,"PR",10,780,780,66,34,60,3
245346,1,"ZNSORED HI PREM LEATHER-233","IG0436","ADIDAS TENIS ZNSORED","ADIDAS TENIS ZNSORED","TAM.37 AO 42 123321",799.99,"PR",10,780,780,66,34,60,3
245347,2,"ZNSORED HI PREM LEATHER-233","IG0436","ADIDAS TENIS ZNSORED","ADIDAS TENIS ZNSORED","TAM.38 AO 43 123321",799.99,"PR",10,780,780,66,34,60,3
245348,2,"ZNSORED HI PREM LEATHER-233","IG0436","ADIDAS TENIS ZNSORED","ADIDAS TENIS ZNSORED","TAM.39 AO 42 1221",799.99,"PR",10,780,780,66,34,60,3
245349,2,"ZNSORED HI PREM LEATHER-233","IG0436","ADIDAS TENIS ZNSORED","ADIDAS TENIS ZNSORED","TAM.39 AO 44 133221",799.99,"PR",10,780,780,66,34,60,3
245350,2,"ZNSORED HI PREM LEATHER-233","IG0437","ADIDAS TENIS ZNSORED","ADIDAS TENIS ZNSORED","TAM.34 AO 39 123321",799.99,"PR",10,380,380,66,34,60,3
245351,2,"ZNSORED HI PREM LEATHER-233","IG0437","ADIDAS TENIS ZNSORED","ADIDAS TENIS ZNSORED","TAM.35 AO 38 1221",799.99,"PR",10,380,380,66,34,60,3
245352,1,"ZNSORED HI PREM LEATHER-233","IG0437","ADIDAS TENIS ZNSORED","ADIDAS TENIS ZNSORED","TAM.35 AO 40 123321",799.99,"PR",10,380,380,66,34,60,3
245353,1,"ZNSORED HI PREM LEATHER-233","IG0437","ADIDAS TENIS ZNSORED","ADIDAS TENIS ZNSORED","TAM.37 AO 42 123321",799.99,"PR",10,380,380,66,34,60,3
245354,2,"ZNSORED HI PREM LEATHER-233","IG0437","ADIDAS TENIS ZNSORED","ADIDAS TENIS ZNSORED","TAM.38 AO 43 123321",799.99,"PR",10,380,380,66,34,60,3
245355,2,"ZNSORED HI PREM LEATHER-233","IG0437","ADIDAS TENIS ZNSORED","ADIDAS TENIS ZNSORED","TAM.39 AO 42 1221",799.99,"PR",10,380,380,66,34,60,3
245356,2,"ZNSORED HI PREM LEATHER-233","IG0437","ADIDAS TENIS ZNSORED","ADIDAS TENIS ZNSORED","TAM.39 AO 44 133221",799.99,"PR",10,380,380,66,34,60,3
245357,2,"GRAND COURT 2.0 K-233","IG0440","ADIDAS TENIS GRAND COURT 2 0","ADIDAS TENIS GRAND COURT 2 0","TAM.27 AO 33 1122222",299.99,"PR",10,450,431,66,34,65,3
245358,1,"GRAND COURT 2.0 K-233","IG0440","ADIDAS TENIS GRAND COURT 2 0","ADIDAS TENIS GRAND COURT 2 0","TAM.34 AO 36 444",299.99,"PR",10,450,431,66,34,65,3
245359,2,"GRAND COURT 2.0 K-233","IG0440","ADIDAS TENIS GRAND COURT 2 0","ADIDAS TENIS GRAND COURT 2 0","TAM.31 AO 36 222222",299.99,"PR",10,450,431,66,34,65,3
245360,2,"SWIFT RUN 23-233","IG0559","ADIDAS TENIS SWIFT RUN 23","ADIDAS TENIS SWIFT RUN 23","TAM.34 AO 39 123321",649.99,"PR",10,780,745,66,34,60,3
245361,2,"SWIFT RUN 23-233","IG0559","ADIDAS TENIS SWIFT RUN 23","ADIDAS TENIS SWIFT RUN 23","TAM.35 AO 38 1221",649.99,"PR",10,780,745,66,34,60,3
245362,1,"SWIFT RUN 23-233","IG0559","ADIDAS TENIS SWIFT RUN 23","ADIDAS TENIS SWIFT RUN 23","TAM.35 AO 40 123321",649.99,"PR",10,780,745,66,34,60,3
245363,2,"SWIFT RUN 23-233","IG0560","ADIDAS TENIS SWIFT RUN 23","ADIDAS TENIS SWIFT RUN 23","TAM.34 AO 39 123321",649.99,"PR",10,380,1287,66,34,60,3
245364,2,"SWIFT RUN 23-233","IG0560","ADIDAS TENIS SWIFT RUN 23","ADIDAS TENIS SWIFT RUN 23","TAM.35 AO 38 1221",649.99,"PR",10,380,1287,66,34,60,3
245365,1,"SWIFT RUN 23-233","IG0560","ADIDAS TENIS SWIFT RUN 23","ADIDAS TENIS SWIFT RUN 23","TAM.35 AO 40 123321",649.99,"PR",10,380,1287,66,34,60,3
245366,2,"SWIFT RUN 23-233","IG0566","ADIDAS TENIS SWIFT RUN 23","ADIDAS TENIS SWIFT RUN 23","TAM.34 AO 39 123321",649.99,"PR",10,1900,2601,66,34,60,3
245367,2,"SWIFT RUN 23-233","IG0566","ADIDAS TENIS SWIFT RUN 23","ADIDAS TENIS SWIFT RUN 23","TAM.35 AO 38 1221",649.99,"PR",10,1900,2601,66,34,60,3
245368,1,"SWIFT RUN 23-233","IG0566","ADIDAS TENIS SWIFT RUN 23","ADIDAS TENIS SWIFT RUN 23","TAM.35 AO 40 123321",649.99,"PR",10,1900,2601,66,34,60,3
245369,1,"SHIFT FWD M-233","IG0674","ADIDAS TENIS SHIFT FWD M","ADIDAS TENIS SHIFT FWD M","TAM.37 AO 42 123321",999.99,"PR",10,2130,2142,66,24,60,3
245370,2,"SHIFT FWD M-233","IG0674","ADIDAS TENIS SHIFT FWD M","ADIDAS TENIS SHIFT FWD M","TAM.38 AO 43 123321",999.99,"PR",10,2130,2142,66,24,60,3
245371,2,"SHIFT FWD M-233","IG0674","ADIDAS TENIS SHIFT FWD M","ADIDAS TENIS SHIFT FWD M","TAM.39 AO 42 1221",999.99,"PR",10,2130,2142,66,24,60,3
245372,2,"SHIFT FWD M-233","IG0674","ADIDAS TENIS SHIFT FWD M","ADIDAS TENIS SHIFT FWD M","TAM.39 AO 44 133221",999.99,"PR",10,2130,2142,66,24,60,3
245373,2,"SHIFT FWD W-233","IG0676","ADIDAS TENIS SHIFT FWD W","ADIDAS TENIS SHIFT FWD W","TAM.34 AO 39 123321",999.99,"PR",10,2130,2142,66,24,60,3
245374,2,"SHIFT FWD W-233","IG0676","ADIDAS TENIS SHIFT FWD W","ADIDAS TENIS SHIFT FWD W","TAM.35 AO 38 1221",999.99,"PR",10,2130,2142,66,24,60,3
245375,1,"SHIFT FWD W-233","IG0676","ADIDAS TENIS SHIFT FWD W","ADIDAS TENIS SHIFT FWD W","TAM.35 AO 40 123321",999.99,"PR",10,2130,2142,66,24,60,3
245376,2,"RESPONSE RUNNER U-233","IG0736","ADIDAS TENIS RESPONSE RUNNER U","ADIDAS TENIS RESPONSE RUNNER U","TAM.34 AO 39 123321",399.99,"PR",10,380,380,66,24,60,3
245377,2,"RESPONSE RUNNER U-233","IG0736","ADIDAS TENIS RESPONSE RUNNER U","ADIDAS TENIS RESPONSE RUNNER U","TAM.35 AO 38 1221",399.99,"PR",10,380,380,66,24,60,3
245378,1,"RESPONSE RUNNER U-233","IG0736","ADIDAS TENIS RESPONSE RUNNER U","ADIDAS TENIS RESPONSE RUNNER U","TAM.35 AO 40 123321",399.99,"PR",10,380,380,66,24,60,3
245379,1,"RESPONSE RUNNER U-233","IG0736","ADIDAS TENIS RESPONSE RUNNER U","ADIDAS TENIS RESPONSE RUNNER U","TAM.37 AO 42 123321",399.99,"PR",10,380,380,66,24,60,3
245380,2,"RESPONSE RUNNER U-233","IG0736","ADIDAS TENIS RESPONSE RUNNER U","ADIDAS TENIS RESPONSE RUNNER U","TAM.38 AO 43 123321",399.99,"PR",10,380,380,66,24,60,3
245381,2,"RESPONSE RUNNER U-233","IG0736","ADIDAS TENIS RESPONSE RUNNER U","ADIDAS TENIS RESPONSE RUNNER U","TAM.39 AO 42 1221",399.99,"PR",10,380,380,66,24,60,3
245382,2,"RESPONSE RUNNER U-233","IG0736","ADIDAS TENIS RESPONSE RUNNER U","ADIDAS TENIS RESPONSE RUNNER U","TAM.39 AO 44 133221",399.99,"PR",10,380,380,66,24,60,3
245383,2,"RESPONSE RUNNER U-233","IG0737","ADIDAS TENIS RESPONSE RUNNER U","ADIDAS TENIS RESPONSE RUNNER U","TAM.34 AO 39 123321",399.99,"PR",10,1266,420,66,24,60,3
245384,2,"RESPONSE RUNNER U-233","IG0737","ADIDAS TENIS RESPONSE RUNNER U","ADIDAS TENIS RESPONSE RUNNER U","TAM.35 AO 38 1221",399.99,"PR",10,1266,420,66,24,60,3
245385,2,"RESPONSE RUNNER U-233","IG0737","ADIDAS TENIS RESPONSE RUNNER U","ADIDAS TENIS RESPONSE RUNNER U","TAM.38 AO 43 123321",399.99,"PR",10,1266,420,66,24,60,3
245386,2,"RESPONSE RUNNER U-233","IG0737","ADIDAS TENIS RESPONSE RUNNER U","ADIDAS TENIS RESPONSE RUNNER U","TAM.39 AO 44 133221",399.99,"PR",10,1266,420,66,24,60,3
245387,2,"RESPONSE RUNNER U-233","IG0738","ADIDAS TENIS RESPONSE RUNNER U","ADIDAS TENIS RESPONSE RUNNER U","TAM.34 AO 39 123321",399.99,"PR",10,2353,472,66,24,60,3
245388,2,"RESPONSE RUNNER U-233","IG0738","ADIDAS TENIS RESPONSE RUNNER U","ADIDAS TENIS RESPONSE RUNNER U","TAM.35 AO 38 1221",399.99,"PR",10,2353,472,66,24,60,3
245389,2,"RESPONSE RUNNER U-233","IG0738","ADIDAS TENIS RESPONSE RUNNER U","ADIDAS TENIS RESPONSE RUNNER U","TAM.38 AO 43 123321",399.99,"PR",10,2353,472,66,24,60,3
245390,2,"RESPONSE RUNNER U-233","IG0738","ADIDAS TENIS RESPONSE RUNNER U","ADIDAS TENIS RESPONSE RUNNER U","TAM.39 AO 44 133221",399.99,"PR",10,2353,472,66,24,60,3
245391,2,"RESPONSE RUNNER U-233","IG0739","ADIDAS TENIS RESPONSE RUNNER U","ADIDAS TENIS RESPONSE RUNNER U","TAM.34 AO 39 123321",399.99,"PR",10,2592,380,66,24,60,3
245392,2,"RESPONSE RUNNER U-233","IG0739","ADIDAS TENIS RESPONSE RUNNER U","ADIDAS TENIS RESPONSE RUNNER U","TAM.35 AO 38 1221",399.99,"PR",10,2592,380,66,24,60,3
245393,2,"RESPONSE RUNNER U-233","IG0739","ADIDAS TENIS RESPONSE RUNNER U","ADIDAS TENIS RESPONSE RUNNER U","TAM.38 AO 43 123321",399.99,"PR",10,2592,380,66,24,60,3
245394,2,"RESPONSE RUNNER U-233","IG0739","ADIDAS TENIS RESPONSE RUNNER U","ADIDAS TENIS RESPONSE RUNNER U","TAM.39 AO 44 133221",399.99,"PR",10,2592,380,66,24,60,3
245395,2,"RESPONSE RUNNER U-233","IG0740","ADIDAS TENIS RESPONSE RUNNER U","ADIDAS TENIS RESPONSE RUNNER U","TAM.34 AO 39 123321",399.99,"PR",10,2593,2592,66,24,60,3
245396,2,"RESPONSE RUNNER U-233","IG0740","ADIDAS TENIS RESPONSE RUNNER U","ADIDAS TENIS RESPONSE RUNNER U","TAM.35 AO 38 1221",399.99,"PR",10,2593,2592,66,24,60,3
245397,2,"RESPONSE RUNNER U-233","IG0740","ADIDAS TENIS RESPONSE RUNNER U","ADIDAS TENIS RESPONSE RUNNER U","TAM.38 AO 43 123321",399.99,"PR",10,2593,2592,66,24,60,3
245398,2,"RESPONSE RUNNER U-233","IG0740","ADIDAS TENIS RESPONSE RUNNER U","ADIDAS TENIS RESPONSE RUNNER U","TAM.39 AO 44 133221",399.99,"PR",10,2593,2592,66,24,60,3
245399,2,"RESPONSE RUNNER U-233","IG0741","ADIDAS TENIS RESPONSE RUNNER U","ADIDAS TENIS RESPONSE RUNNER U","TAM.34 AO 39 123321",399.99,"PR",10,386,478,66,24,60,3
245400,2,"RESPONSE RUNNER U-233","IG0741","ADIDAS TENIS RESPONSE RUNNER U","ADIDAS TENIS RESPONSE RUNNER U","TAM.35 AO 38 1221",399.99,"PR",10,386,478,66,24,60,3
245401,2,"RESPONSE RUNNER U-233","IG0741","ADIDAS TENIS RESPONSE RUNNER U","ADIDAS TENIS RESPONSE RUNNER U","TAM.38 AO 43 123321",399.99,"PR",10,386,478,66,24,60,3
245402,2,"RESPONSE RUNNER U-233","IG0741","ADIDAS TENIS RESPONSE RUNNER U","ADIDAS TENIS RESPONSE RUNNER U","TAM.39 AO 44 133221",399.99,"PR",10,386,478,66,24,60,3
245403,2,"AVRYN-233","IG2353","ADIDAS TENIS AVRYN","ADIDAS TENIS AVRYN","TAM.34 AO 39 123321",1099.99,"PR",10,477,477,66,34,60,3
245404,2,"AVRYN-233","IG2353","ADIDAS TENIS AVRYN","ADIDAS TENIS AVRYN","TAM.35 AO 38 1221",1099.99,"PR",10,477,477,66,34,60,3
245405,1,"AVRYN-233","IG2353","ADIDAS TENIS AVRYN","ADIDAS TENIS AVRYN","TAM.35 AO 40 123321",1099.99,"PR",10,477,477,66,34,60,3
245406,1,"AVRYN-233","IG2353","ADIDAS TENIS AVRYN","ADIDAS TENIS AVRYN","TAM.37 AO 42 123321",1099.99,"PR",10,477,477,66,34,60,3
245407,2,"AVRYN-233","IG2353","ADIDAS TENIS AVRYN","ADIDAS TENIS AVRYN","TAM.38 AO 43 123321",1099.99,"PR",10,477,477,66,34,60,3
245408,2,"AVRYN-233","IG2353","ADIDAS TENIS AVRYN","ADIDAS TENIS AVRYN","TAM.39 AO 42 1221",1099.99,"PR",10,477,477,66,34,60,3
245409,2,"AVRYN-233","IG2353","ADIDAS TENIS AVRYN","ADIDAS TENIS AVRYN","TAM.39 AO 44 133221",1099.99,"PR",10,477,477,66,34,60,3
245410,1,"ARYA-233","IG2376","ADIDAS TENIS ARYA","ADIDAS TENIS ARYA","TAM.37 AO 42 123321",599.99,"PR",10,386,443,66,34,60,3
245411,2,"ARYA-233","IG2376","ADIDAS TENIS ARYA","ADIDAS TENIS ARYA","TAM.38 AO 43 123321",599.99,"PR",10,386,443,66,34,60,3
245412,2,"ARYA-233","IG2376","ADIDAS TENIS ARYA","ADIDAS TENIS ARYA","TAM.39 AO 42 1221",599.99,"PR",10,386,443,66,34,60,3
245413,2,"ARYA-233","IG2376","ADIDAS TENIS ARYA","ADIDAS TENIS ARYA","TAM.39 AO 44 133221",599.99,"PR",10,386,443,66,34,60,3
245414,1,"ARYA-233","IG2377","ADIDAS TENIS ARYA","ADIDAS TENIS ARYA","TAM.37 AO 42 123321",599.99,"PR",10,380,380,66,34,60,3
245415,2,"ARYA-233","IG2377","ADIDAS TENIS ARYA","ADIDAS TENIS ARYA","TAM.38 AO 43 123321",599.99,"PR",10,380,380,66,34,60,3
245416,2,"ARYA-233","IG2377","ADIDAS TENIS ARYA","ADIDAS TENIS ARYA","TAM.39 AO 42 1221",599.99,"PR",10,380,380,66,34,60,3
245417,2,"ARYA-233","IG2377","ADIDAS TENIS ARYA","ADIDAS TENIS ARYA","TAM.39 AO 44 133221",599.99,"PR",10,380,380,66,34,60,3
245418,2,"ADVANTAGE CF I-233","IG2545","ADIDAS TENIS ADVANTAGE","ADIDAS TENIS ADVANTAGE","TAM.18 AO 21 2442",249.99,"PR",10,386,380,66,34,65,3
245419,2,"GRAND COURT 2.0 CF I-233","IG2556","ADIDAS TENIS GRAND COURT 2 0","ADIDAS TENIS GRAND COURT 2 0","TAM.18 AO 21 2442",249.99,"PR",10,450,431,66,34,65,3
245420,2,"XPLRPHASE-233","IG3051","ADIDAS TENIS XPLR 23","ADIDAS TENIS XPLR 23","TAM.34 AO 39 123321",899.99,"PR",10,1251,1251,66,34,60,3
245421,2,"XPLRPHASE-233","IG3051","ADIDAS TENIS XPLR 23","ADIDAS TENIS XPLR 23","TAM.35 AO 38 1221",899.99,"PR",10,1251,1251,66,34,60,3
245422,1,"XPLRPHASE-233","IG3051","ADIDAS TENIS XPLR 23","ADIDAS TENIS XPLR 23","TAM.35 AO 40 123321",899.99,"PR",10,1251,1251,66,34,60,3
245423,1,"XPLRPHASE-233","IG3055","ADIDAS TENIS XPLR 23","ADIDAS TENIS XPLR 23","TAM.37 AO 42 123321",899.99,"PR",10,762,420,66,34,60,3
245424,2,"XPLRPHASE-233","IG3055","ADIDAS TENIS XPLR 23","ADIDAS TENIS XPLR 23","TAM.38 AO 43 123321",899.99,"PR",10,762,420,66,34,60,3
245425,2,"XPLRPHASE-233","IG3055","ADIDAS TENIS XPLR 23","ADIDAS TENIS XPLR 23","TAM.39 AO 42 1221",899.99,"PR",10,762,420,66,34,60,3
245426,2,"XPLRPHASE-233","IG3055","ADIDAS TENIS XPLR 23","ADIDAS TENIS XPLR 23","TAM.39 AO 44 133221",899.99,"PR",10,762,420,66,34,60,3
245427,1,"XPLRPHASE-233","IG3056","ADIDAS TENIS XPLR 23","ADIDAS TENIS XPLR 23","TAM.37 AO 42 123321",899.99,"PR",10,2597,2144,66,34,60,3
245428,2,"XPLRPHASE-233","IG3056","ADIDAS TENIS XPLR 23","ADIDAS TENIS XPLR 23","TAM.38 AO 43 123321",899.99,"PR",10,2597,2144,66,34,60,3
245429,2,"XPLRPHASE-233","IG3056","ADIDAS TENIS XPLR 23","ADIDAS TENIS XPLR 23","TAM.39 AO 42 1221",899.99,"PR",10,2597,2144,66,34,60,3
245430,2,"XPLRPHASE-233","IG3056","ADIDAS TENIS XPLR 23","ADIDAS TENIS XPLR 23","TAM.39 AO 44 133221",899.99,"PR",10,2597,2144,66,34,60,3
245431,2,"COURT PLATFORM-233","IG3112","ADIDAS TENIS COURT PLATFORM","ADIDAS TENIS COURT PLATFORM","TAM.34 AO 39 123321",399.99,"PR",10,386,1916,66,34,60,3
245432,2,"COURT PLATFORM-233","IG3112","ADIDAS TENIS COURT PLATFORM","ADIDAS TENIS COURT PLATFORM","TAM.35 AO 38 1221",399.99,"PR",10,386,1916,66,34,60,3
245433,1,"COURT PLATFORM-233","IG3112","ADIDAS TENIS COURT PLATFORM","ADIDAS TENIS COURT PLATFORM","TAM.35 AO 40 123321",399.99,"PR",10,386,1916,66,34,60,3
245434,1,"SWIFT RUN 23-233","IG4701","ADIDAS TENIS SWIFT RUN 23","ADIDAS TENIS SWIFT RUN 23","TAM.37 AO 42 123321",699.99,"PR",10,380,380,66,34,60,3
245435,2,"SWIFT RUN 23-233","IG4701","ADIDAS TENIS SWIFT RUN 23","ADIDAS TENIS SWIFT RUN 23","TAM.38 AO 43 123321",699.99,"PR",10,380,380,66,34,60,3
245436,2,"SWIFT RUN 23-233","IG4701","ADIDAS TENIS SWIFT RUN 23","ADIDAS TENIS SWIFT RUN 23","TAM.39 AO 42 1221",699.99,"PR",10,380,380,66,34,60,3
245437,2,"SWIFT RUN 23-233","IG4701","ADIDAS TENIS SWIFT RUN 23","ADIDAS TENIS SWIFT RUN 23","TAM.39 AO 44 133221",699.99,"PR",10,380,380,66,34,60,3
245438,1,"SWIFT RUN 23-233","IG4707","ADIDAS TENIS SWIFT RUN 23","ADIDAS TENIS SWIFT RUN 23","TAM.37 AO 42 123321",699.99,"PR",10,380,387,66,34,60,3
245439,2,"SWIFT RUN 23-233","IG4707","ADIDAS TENIS SWIFT RUN 23","ADIDAS TENIS SWIFT RUN 23","TAM.38 AO 43 123321",699.99,"PR",10,380,387,66,34,60,3
245440,2,"SWIFT RUN 23-233","IG4707","ADIDAS TENIS SWIFT RUN 23","ADIDAS TENIS SWIFT RUN 23","TAM.39 AO 42 1221",699.99,"PR",10,380,387,66,34,60,3
245441,2,"SWIFT RUN 23-233","IG4707","ADIDAS TENIS SWIFT RUN 23","ADIDAS TENIS SWIFT RUN 23","TAM.39 AO 44 133221",699.99,"PR",10,380,387,66,34,60,3
245442,1,"SWIFT RUN 23-233","IG4708","ADIDAS TENIS SWIFT RUN 23","ADIDAS TENIS SWIFT RUN 23","TAM.37 AO 42 123321",699.99,"PR",10,2598,2607,66,34,60,3
245443,2,"SWIFT RUN 23-233","IG4708","ADIDAS TENIS SWIFT RUN 23","ADIDAS TENIS SWIFT RUN 23","TAM.38 AO 43 123321",699.99,"PR",10,2598,2607,66,34,60,3
245444,2,"SWIFT RUN 23-233","IG4708","ADIDAS TENIS SWIFT RUN 23","ADIDAS TENIS SWIFT RUN 23","TAM.39 AO 42 1221",699.99,"PR",10,2598,2607,66,34,60,3
245445,2,"SWIFT RUN 23-233","IG4708","ADIDAS TENIS SWIFT RUN 23","ADIDAS TENIS SWIFT RUN 23","TAM.39 AO 44 133221",699.99,"PR",10,2598,2607,66,34,60,3
245446,2,"SWIFT RUN 23-233","IG4715","ADIDAS TENIS SWIFT RUN 23","ADIDAS TENIS SWIFT RUN 23","TAM.34 AO 39 123321",649.99,"PR",10,386,386,66,34,60,3
245447,2,"SWIFT RUN 23-233","IG4715","ADIDAS TENIS SWIFT RUN 23","ADIDAS TENIS SWIFT RUN 23","TAM.35 AO 38 1221",649.99,"PR",10,386,386,66,34,60,3
245448,1,"SWIFT RUN 23-233","IG4715","ADIDAS TENIS SWIFT RUN 23","ADIDAS TENIS SWIFT RUN 23","TAM.35 AO 40 123321",649.99,"PR",10,386,386,66,34,60,3
245449,1,"XPLRPHASE-233","IG4766","ADIDAS TENIS XPLR 23","ADIDAS TENIS XPLR 23","TAM.37 AO 42 123321",899.99,"PR",10,380,380,66,34,60,3
245450,2,"XPLRPHASE-233","IG4766","ADIDAS TENIS XPLR 23","ADIDAS TENIS XPLR 23","TAM.38 AO 43 123321",899.99,"PR",10,380,380,66,34,60,3
245451,2,"XPLRPHASE-233","IG4766","ADIDAS TENIS XPLR 23","ADIDAS TENIS XPLR 23","TAM.39 AO 42 1221",899.99,"PR",10,380,380,66,34,60,3
245452,2,"XPLRPHASE-233","IG4766","ADIDAS TENIS XPLR 23","ADIDAS TENIS XPLR 23","TAM.39 AO 44 133221",899.99,"PR",10,380,380,66,34,60,3
245453,1,"XPLRPHASE-233","IG4769","ADIDAS TENIS XPLR 23","ADIDAS TENIS XPLR 23","TAM.37 AO 42 123321",899.99,"PR",10,435,380,66,34,60,3
245454,2,"XPLRPHASE-233","IG4769","ADIDAS TENIS XPLR 23","ADIDAS TENIS XPLR 23","TAM.38 AO 43 123321",899.99,"PR",10,435,380,66,34,60,3
245455,2,"XPLRPHASE-233","IG4769","ADIDAS TENIS XPLR 23","ADIDAS TENIS XPLR 23","TAM.39 AO 42 1221",899.99,"PR",10,435,380,66,34,60,3
245456,2,"XPLRPHASE-233","IG4769","ADIDAS TENIS XPLR 23","ADIDAS TENIS XPLR 23","TAM.39 AO 44 133221",899.99,"PR",10,435,380,66,34,60,3
245457,1,"XPLRPHASE-233","IG4771","ADIDAS TENIS XPLR 23","ADIDAS TENIS XPLR 23","TAM.37 AO 42 123321",899.99,"PR",10,1915,1915,66,34,60,3
245458,2,"XPLRPHASE-233","IG4771","ADIDAS TENIS XPLR 23","ADIDAS TENIS XPLR 23","TAM.38 AO 43 123321",899.99,"PR",10,1915,1915,66,34,60,3
245459,2,"XPLRPHASE-233","IG4771","ADIDAS TENIS XPLR 23","ADIDAS TENIS XPLR 23","TAM.39 AO 42 1221",899.99,"PR",10,1915,1915,66,34,60,3
245460,2,"XPLRPHASE-233","IG4771","ADIDAS TENIS XPLR 23","ADIDAS TENIS XPLR 23","TAM.39 AO 44 133221",899.99,"PR",10,1915,1915,66,34,60,3
245461,1,"XPLRPHASE-233","IG4772","ADIDAS TENIS XPLR 23","ADIDAS TENIS XPLR 23","TAM.37 AO 42 123321",899.99,"PR",10,1923,1923,66,34,60,3
245462,2,"XPLRPHASE-233","IG4772","ADIDAS TENIS XPLR 23","ADIDAS TENIS XPLR 23","TAM.38 AO 43 123321",899.99,"PR",10,1923,1923,66,34,60,3
245463,2,"XPLRPHASE-233","IG4772","ADIDAS TENIS XPLR 23","ADIDAS TENIS XPLR 23","TAM.39 AO 42 1221",899.99,"PR",10,1923,1923,66,34,60,3
245464,2,"XPLRPHASE-233","IG4772","ADIDAS TENIS XPLR 23","ADIDAS TENIS XPLR 23","TAM.39 AO 44 133221",899.99,"PR",10,1923,1923,66,34,60,3
245465,2,"XPLRPHASE-233","IG4779","ADIDAS TENIS XPLR 23","ADIDAS TENIS XPLR 23","TAM.34 AO 39 123321",899.99,"PR",10,380,380,66,34,60,3
245466,2,"XPLRPHASE-233","IG4779","ADIDAS TENIS XPLR 23","ADIDAS TENIS XPLR 23","TAM.35 AO 38 1221",899.99,"PR",10,380,380,66,34,60,3
245467,1,"XPLRPHASE-233","IG4779","ADIDAS TENIS XPLR 23","ADIDAS TENIS XPLR 23","TAM.35 AO 40 123321",899.99,"PR",10,380,380,66,34,60,3
245468,2,"XPLRPHASE-233","IG4781","ADIDAS TENIS XPLR 23","ADIDAS TENIS XPLR 23","TAM.34 AO 39 123321",899.99,"PR",10,435,380,66,34,60,3
245469,2,"XPLRPHASE-233","IG4781","ADIDAS TENIS XPLR 23","ADIDAS TENIS XPLR 23","TAM.35 AO 38 1221",899.99,"PR",10,435,380,66,34,60,3
245470,1,"XPLRPHASE-233","IG4781","ADIDAS TENIS XPLR 23","ADIDAS TENIS XPLR 23","TAM.35 AO 40 123321",899.99,"PR",10,435,380,66,34,60,3
245471,2,"XPLRPHASE-233","IG4782","ADIDAS TENIS XPLR 23","ADIDAS TENIS XPLR 23","TAM.34 AO 39 123321",899.99,"PR",10,780,780,66,34,60,3
245472,2,"XPLRPHASE-233","IG4782","ADIDAS TENIS XPLR 23","ADIDAS TENIS XPLR 23","TAM.35 AO 38 1221",899.99,"PR",10,780,780,66,34,60,3
245473,1,"XPLRPHASE-233","IG4782","ADIDAS TENIS XPLR 23","ADIDAS TENIS XPLR 23","TAM.35 AO 40 123321",899.99,"PR",10,780,780,66,34,60,3
245474,2,"XPLRPHASE-233","IG4783","ADIDAS TENIS XPLR 23","ADIDAS TENIS XPLR 23","TAM.34 AO 39 123321",899.99,"PR",10,2336,380,66,34,60,3
245475,2,"XPLRPHASE-233","IG4783","ADIDAS TENIS XPLR 23","ADIDAS TENIS XPLR 23","TAM.35 AO 38 1221",899.99,"PR",10,2336,380,66,34,60,3
245476,1,"XPLRPHASE-233","IG4783","ADIDAS TENIS XPLR 23","ADIDAS TENIS XPLR 23","TAM.35 AO 40 123321",899.99,"PR",10,2336,380,66,34,60,3
245477,2,"GRAND COURT 2.0 CF I-233","IG4848","ADIDAS TENIS GRAND COURT 2 0","ADIDAS TENIS GRAND COURT 2 0","TAM.18 AO 21 2442",349.99,"PR",10,386,380,66,34,65,3
245478,2,"ADILETTE SHOWER K-233","IG4875","ADIDAS CHINELO ADILETTE SHOWER","ADIDAS CHINELO ADILETTE SHOWER","TAM.26/27 AO 36/37 123321",179.99,"PR",10,2336,386,66,34,65,3
245479,2,"ADILETTE SHOWER K-233","IG4876","ADIDAS CHINELO ADILETTE SHOWER","ADIDAS CHINELO ADILETTE SHOWER","TAM.26/27 AO 36/37 123321",179.99,"PR",10,450,386,66,34,65,3
245480,2,"ADVANTAGE BASE-233","IG5321","ADIDAS TENIS ADVANTAGE BASE","ADIDAS TENIS ADVANTAGE BASE","TAM.34 AO 39 123321",299.99,"PR",10,386,386,66,34,60,3
245481,1,"ADVANTAGE BASE-233","IG5321","ADIDAS TENIS ADVANTAGE BASE","ADIDAS TENIS ADVANTAGE BASE","TAM.35 AO 40 123321",299.99,"PR",10,386,386,66,34,60,3
245482,2,"RUNFALCON 3.0 AC I-233","IG5390","ADIDAS TENIS RUNFALCON 3 0","ADIDAS TENIS RUNFALCON 3 0","TAM.18 AO 21 2442",299.99,"PR",10,380,494,66,34,65,3
245483,1,"D ROSE SON OF CHI III-233","IG5560","ADIDAS DROSE SON OF CHI III","ADIDAS TENIS D ROSE SON OF CHI III","TAM.37 AO 42 123321",1099.99,"PR",10,1900,780,66,4,60,3
245484,2,"D ROSE SON OF CHI III-233","IG5560","ADIDAS DROSE SON OF CHI III","ADIDAS TENIS D ROSE SON OF CHI III","TAM.38 AO 43 123321",1099.99,"PR",10,1900,780,66,4,60,3
245485,2,"D ROSE SON OF CHI III-233","IG5560","ADIDAS DROSE SON OF CHI III","ADIDAS TENIS D ROSE SON OF CHI III","TAM.39 AO 42 1221",1099.99,"PR",10,1900,780,66,4,60,3
245486,2,"D ROSE SON OF CHI III-233","IG5560","ADIDAS DROSE SON OF CHI III","ADIDAS TENIS D ROSE SON OF CHI III","TAM.39 AO 44 133221",1099.99,"PR",10,1900,780,66,4,60,3
245487,2,"D ROSE SON OF CHI III-233","IG5560","ADIDAS DROSE SON OF CHI III","ADIDAS TENIS D ROSE SON OF CHI III","TAM.45 AO 48 2211",1099.99,"PR",10,1900,780,66,4,60,3
245488,2,"BREAKNET MICKEY CF I-233","IG7161","ADIDAS TENIS BREAKNET MICKEY","ADIDAS TENIS BREAKNET MICKEY","TAM.18 AO 21 2442",299.99,"PR",10,386,380,66,34,65,3
245489,2,"BREAKNET MICKEY EL K-233","IG7163","ADIDAS TENIS BREAKNET MICKEY","ADIDAS TENIS BREAKNET MICKEY","TAM.27 AO 33 1122222",399.99,"PR",10,386,380,66,34,65,3
245490,1,"BREAKNET MICKEY EL K-233","IG7163","ADIDAS TENIS BREAKNET MICKEY","ADIDAS TENIS BREAKNET MICKEY","TAM.34 AO 36 444",399.99,"PR",10,386,380,66,34,65,3
245491,2,"BREAKNET MICKEY EL K-233","IG7163","ADIDAS TENIS BREAKNET MICKEY","ADIDAS TENIS BREAKNET MICKEY","TAM.31 AO 36 222222",399.99,"PR",10,386,380,66,34,65,3
245492,2,"FORTARUN MICKEY AC I-233","IG7166","ADIDAS TENIS FORTARUN MICKEY","ADIDAS TENIS FORTARUN MICKEY","TAM.18 AO 21 2442",399.99,"PR",10,380,2353,66,34,65,3
245493,2,"GRAND COURT SPIDER-MAN EL K-233","IG7168","ADIDAS GRAND COURT SPIDER MAN","ADIDAS TENIS GRAND COURT SPIDER MAN","TAM.27 AO 33 1122222",399.99,"PR",10,386,380,66,34,65,3
245494,1,"GRAND COURT SPIDER-MAN EL K-233","IG7168","ADIDAS GRAND COURT SPIDER MAN","ADIDAS TENIS GRAND COURT SPIDER MAN","TAM.34 AO 36 444",399.99,"PR",10,386,380,66,34,65,3
245495,2,"GRAND COURT SPIDER-MAN EL K-233","IG7168","ADIDAS GRAND COURT SPIDER MAN","ADIDAS TENIS GRAND COURT SPIDER MAN","TAM.31 AO 36 222222",399.99,"PR",10,386,380,66,34,65,3
245496,2,"RAPIDASPORT  SPIDER-MAN EL K-233","IG7175","ADIDAS RAPIDASPORT SPIDER MAN","ADIDAS TENIS RAPIDASPORT SPIDER MAN","TAM.27 AO 33 1122222",649.99,"PR",10,380,386,66,34,65,3
245497,1,"RAPIDASPORT  SPIDER-MAN EL K-233","IG7175","ADIDAS RAPIDASPORT SPIDER MAN","ADIDAS TENIS RAPIDASPORT SPIDER MAN","TAM.34 AO 36 444",649.99,"PR",10,380,386,66,34,65,3
245498,2,"RAPIDASPORT  SPIDER-MAN EL K-233","IG7175","ADIDAS RAPIDASPORT SPIDER MAN","ADIDAS TENIS RAPIDASPORT SPIDER MAN","TAM.31 AO 36 222222",649.99,"PR",10,380,386,66,34,65,3
245499,2,"SURU365 MICKEY C-233","IG7178","ADIDAS TENIS SURU MICKEY","ADIDAS TENIS SURU MICKEY","TAM.26 AO 32 1122222",449.99,"PR",10,2355,386,66,34,65,3
245500,2,"SURU365 MICKEY I-233","IG7179","ADIDAS TENIS SURU MICKEY","ADIDAS TENIS SURU MICKEY","TAM.18 AO 21 2442",379.99,"PR",10,2355,386,66,34,65,3
245501,1,"OSADE-233","IG7316","ADIDAS TENIS OSADE","ADIDAS TENIS OSADE","TAM.37 AO 42 123321",699.99,"PR",10,386,380,66,34,60,3
245502,2,"OSADE-233","IG7316","ADIDAS TENIS OSADE","ADIDAS TENIS OSADE","TAM.38 AO 43 123321",699.99,"PR",10,386,380,66,34,60,3
245503,2,"OSADE-233","IG7316","ADIDAS TENIS OSADE","ADIDAS TENIS OSADE","TAM.39 AO 42 1221",699.99,"PR",10,386,380,66,34,60,3
245504,2,"OSADE-233","IG7316","ADIDAS TENIS OSADE","ADIDAS TENIS OSADE","TAM.39 AO 44 133221",699.99,"PR",10,386,380,66,34,60,3
245505,1,"OSADE-233","IG7317","ADIDAS TENIS OSADE","ADIDAS TENIS OSADE","TAM.37 AO 42 123321",699.99,"PR",10,386,386,66,34,60,3
245506,2,"OSADE-233","IG7317","ADIDAS TENIS OSADE","ADIDAS TENIS OSADE","TAM.38 AO 43 123321",699.99,"PR",10,386,386,66,34,60,3
245507,2,"OSADE-233","IG7317","ADIDAS TENIS OSADE","ADIDAS TENIS OSADE","TAM.39 AO 42 1221",699.99,"PR",10,386,386,66,34,60,3
245508,2,"OSADE-233","IG7317","ADIDAS TENIS OSADE","ADIDAS TENIS OSADE","TAM.39 AO 44 133221",699.99,"PR",10,386,386,66,34,60,3
245509,1,"RACER TR23-233","IG7322","ADIDAS TENIS RACER TR23","ADIDAS TENIS RACER TR23","TAM.37 AO 42 123321",599.99,"PR",10,380,380,66,34,60,3
245510,2,"RACER TR23-233","IG7322","ADIDAS TENIS RACER TR23","ADIDAS TENIS RACER TR23","TAM.38 AO 43 123321",599.99,"PR",10,380,380,66,34,60,3
245511,2,"RACER TR23-233","IG7322","ADIDAS TENIS RACER TR23","ADIDAS TENIS RACER TR23","TAM.39 AO 42 1221",599.99,"PR",10,380,380,66,34,60,3
245512,2,"RACER TR23-233","IG7322","ADIDAS TENIS RACER TR23","ADIDAS TENIS RACER TR23","TAM.39 AO 44 133221",599.99,"PR",10,380,380,66,34,60,3
245513,1,"RACER TR23-233","IG7323","ADIDAS TENIS RACER TR23","ADIDAS TENIS RACER TR23","TAM.37 AO 42 123321",599.99,"PR",10,380,386,66,34,60,3
245514,2,"RACER TR23-233","IG7323","ADIDAS TENIS RACER TR23","ADIDAS TENIS RACER TR23","TAM.38 AO 43 123321",599.99,"PR",10,380,386,66,34,60,3
245515,2,"RACER TR23-233","IG7323","ADIDAS TENIS RACER TR23","ADIDAS TENIS RACER TR23","TAM.39 AO 42 1221",599.99,"PR",10,380,386,66,34,60,3
245516,2,"RACER TR23-233","IG7323","ADIDAS TENIS RACER TR23","ADIDAS TENIS RACER TR23","TAM.39 AO 44 133221",599.99,"PR",10,380,386,66,34,60,3
245517,1,"RACER TR23-233","IG7326","ADIDAS TENIS RACER TR23","ADIDAS TENIS RACER TR23","TAM.37 AO 42 123321",599.99,"PR",10,484,380,66,34,60,3
245518,2,"RACER TR23-233","IG7326","ADIDAS TENIS RACER TR23","ADIDAS TENIS RACER TR23","TAM.38 AO 43 123321",599.99,"PR",10,484,380,66,34,60,3
245519,2,"RACER TR23-233","IG7326","ADIDAS TENIS RACER TR23","ADIDAS TENIS RACER TR23","TAM.39 AO 42 1221",599.99,"PR",10,484,380,66,34,60,3
245520,2,"RACER TR23-233","IG7326","ADIDAS TENIS RACER TR23","ADIDAS TENIS RACER TR23","TAM.39 AO 44 133221",599.99,"PR",10,484,380,66,34,60,3
245521,2,"OSADE-233","IG7327","ADIDAS TENIS OSADE","ADIDAS TENIS OSADE","TAM.34 AO 39 123321",699.99,"PR",10,386,530,66,34,60,3
245522,2,"OSADE-233","IG7327","ADIDAS TENIS OSADE","ADIDAS TENIS OSADE","TAM.35 AO 38 1221",699.99,"PR",10,386,530,66,34,60,3
245523,1,"OSADE-233","IG7327","ADIDAS TENIS OSADE","ADIDAS TENIS OSADE","TAM.35 AO 40 123321",699.99,"PR",10,386,530,66,34,60,3
245524,1,"RACER TR23-233","IG7329","ADIDAS TENIS RACER TR23","ADIDAS TENIS RACER TR23","TAM.37 AO 42 123321",599.99,"PR",10,762,793,66,34,60,3
245525,2,"RACER TR23-233","IG7329","ADIDAS TENIS RACER TR23","ADIDAS TENIS RACER TR23","TAM.38 AO 43 123321",599.99,"PR",10,762,793,66,34,60,3
245526,2,"RACER TR23-233","IG7329","ADIDAS TENIS RACER TR23","ADIDAS TENIS RACER TR23","TAM.39 AO 42 1221",599.99,"PR",10,762,793,66,34,60,3
245527,2,"RACER TR23-233","IG7329","ADIDAS TENIS RACER TR23","ADIDAS TENIS RACER TR23","TAM.39 AO 44 133221",599.99,"PR",10,762,793,66,34,60,3
245528,2,"OSADE-233","IG7330","ADIDAS TENIS OSADE","ADIDAS TENIS OSADE","TAM.34 AO 39 123321",699.99,"PR",10,386,386,66,34,60,3
245529,2,"OSADE-233","IG7330","ADIDAS TENIS OSADE","ADIDAS TENIS OSADE","TAM.35 AO 38 1221",699.99,"PR",10,386,386,66,34,60,3
245530,1,"OSADE-233","IG7330","ADIDAS TENIS OSADE","ADIDAS TENIS OSADE","TAM.35 AO 40 123321",699.99,"PR",10,386,386,66,34,60,3
245531,2,"ALPHABOOST V1-233","IG7515","ADIDAS TENIS ALPHABOOST","ADIDAS TENIS ALPHABOOST","TAM.34 AO 39 123321",899.99,"PR",10,380,380,66,34,60,3
245532,2,"ALPHABOOST V1-233","IG7515","ADIDAS TENIS ALPHABOOST","ADIDAS TENIS ALPHABOOST","TAM.35 AO 38 1221",899.99,"PR",10,380,380,66,34,60,3
245533,1,"ALPHABOOST V1-233","IG7515","ADIDAS TENIS ALPHABOOST","ADIDAS TENIS ALPHABOOST","TAM.35 AO 40 123321",899.99,"PR",10,380,380,66,34,60,3
245534,2,"AVAFLASH-233","IG9542","ADIDAS TENIS AVAFLASH","ADIDAS TENIS AVAFLASH","TAM.34 AO 39 123321",599.99,"PR",10,2355,780,66,43,60,3
245535,2,"AVAFLASH-233","IG9542","ADIDAS TENIS AVAFLASH","ADIDAS TENIS AVAFLASH","TAM.35 AO 38 1221",599.99,"PR",10,2355,780,66,43,60,3
245536,1,"AVAFLASH-233","IG9542","ADIDAS TENIS AVAFLASH","ADIDAS TENIS AVAFLASH","TAM.35 AO 40 123321",599.99,"PR",10,2355,780,66,43,60,3
245537,2,"AVAFLASH-233","IG9543","ADIDAS TENIS AVAFLASH","ADIDAS TENIS AVAFLASH","TAM.34 AO 39 123321",599.99,"PR",10,380,420,66,43,60,3
245538,2,"AVAFLASH-233","IG9543","ADIDAS TENIS AVAFLASH","ADIDAS TENIS AVAFLASH","TAM.35 AO 38 1221",599.99,"PR",10,380,420,66,43,60,3
245539,1,"AVAFLASH-233","IG9543","ADIDAS TENIS AVAFLASH","ADIDAS TENIS AVAFLASH","TAM.35 AO 40 123321",599.99,"PR",10,380,420,66,43,60,3
245540,2,"AVAFLASH-233","IG9544","ADIDAS TENIS AVAFLASH","ADIDAS TENIS AVAFLASH","TAM.34 AO 39 123321",599.99,"PR",10,386,380,66,43,60,3
245541,2,"AVAFLASH-233","IG9544","ADIDAS TENIS AVAFLASH","ADIDAS TENIS AVAFLASH","TAM.35 AO 38 1221",599.99,"PR",10,386,380,66,43,60,3
245542,1,"AVAFLASH-233","IG9544","ADIDAS TENIS AVAFLASH","ADIDAS TENIS AVAFLASH","TAM.35 AO 40 123321",599.99,"PR",10,386,380,66,43,60,3
245543,1,"GAMECOURT 2 M-233","IG9566","ADIDAS TENIS GAMECOURT","ADIDAS TENIS GAMECOURT","TAM.37 AO 42 123321",599.99,"PR",10,2603,2592,66,43,60,3
245544,2,"GAMECOURT 2 M-233","IG9566","ADIDAS TENIS GAMECOURT","ADIDAS TENIS GAMECOURT","TAM.38 AO 43 123321",599.99,"PR",10,2603,2592,66,43,60,3
245545,2,"GAMECOURT 2 M-233","IG9566","ADIDAS TENIS GAMECOURT","ADIDAS TENIS GAMECOURT","TAM.39 AO 42 1221",599.99,"PR",10,2603,2592,66,43,60,3
245546,2,"GAMECOURT 2 M-233","IG9566","ADIDAS TENIS GAMECOURT","ADIDAS TENIS GAMECOURT","TAM.39 AO 44 133221",599.99,"PR",10,2603,2592,66,43,60,3
245547,1,"GAMECOURT 2 M-233","IG9568","ADIDAS TENIS GAMECOURT","ADIDAS TENIS GAMECOURT","TAM.37 AO 42 123321",599.99,"PR",10,386,386,66,43,60,3
245548,2,"GAMECOURT 2 M-233","IG9568","ADIDAS TENIS GAMECOURT","ADIDAS TENIS GAMECOURT","TAM.38 AO 43 123321",599.99,"PR",10,386,386,66,43,60,3
245549,2,"GAMECOURT 2 M-233","IG9568","ADIDAS TENIS GAMECOURT","ADIDAS TENIS GAMECOURT","TAM.39 AO 42 1221",599.99,"PR",10,386,386,66,43,60,3
245550,2,"GAMECOURT 2 M-233","IG9568","ADIDAS TENIS GAMECOURT","ADIDAS TENIS GAMECOURT","TAM.39 AO 44 133221",599.99,"PR",10,386,386,66,43,60,3
245551,2,"OZELLE-233","IG9796","ADIDAS TENIS OZELLE","ADIDAS TENIS OZELLE","TAM.34 AO 39 123321",649.99,"PR",10,380,389,66,34,60,3
245552,2,"OZELLE-233","IG9796","ADIDAS TENIS OZELLE","ADIDAS TENIS OZELLE","TAM.35 AO 38 1221",649.99,"PR",10,380,389,66,34,60,3
245553,1,"OZELLE-233","IG9796","ADIDAS TENIS OZELLE","ADIDAS TENIS OZELLE","TAM.35 AO 40 123321",649.99,"PR",10,380,389,66,34,60,3
245554,2,"OZELLE-233","IG9797","ADIDAS TENIS OZELLE","ADIDAS TENIS OZELLE","TAM.34 AO 39 123321",649.99,"PR",10,387,2349,66,34,60,3
245555,2,"OZELLE-233","IG9797","ADIDAS TENIS OZELLE","ADIDAS TENIS OZELLE","TAM.35 AO 38 1221",649.99,"PR",10,387,2349,66,34,60,3
245556,1,"OZELLE-233","IG9797","ADIDAS TENIS OZELLE","ADIDAS TENIS OZELLE","TAM.35 AO 40 123321",649.99,"PR",10,387,2349,66,34,60,3
245557,2,"KANTANA-233","IG9815","ADIDAS TENIS KANTANA","ADIDAS TENIS KANTANA","TAM.34 AO 39 123321",599.99,"PR",10,386,420,66,34,60,3
245558,2,"KANTANA-233","IG9815","ADIDAS TENIS KANTANA","ADIDAS TENIS KANTANA","TAM.35 AO 38 1221",599.99,"PR",10,386,420,66,34,60,3
245559,1,"KANTANA-233","IG9815","ADIDAS TENIS KANTANA","ADIDAS TENIS KANTANA","TAM.35 AO 40 123321",599.99,"PR",10,386,420,66,34,60,3
245560,1,"KANTANA-233","IG9818","ADIDAS TENIS KANTANA","ADIDAS TENIS KANTANA","TAM.37 AO 42 123321",599.99,"PR",10,386,762,66,34,60,3
245561,2,"KANTANA-233","IG9818","ADIDAS TENIS KANTANA","ADIDAS TENIS KANTANA","TAM.38 AO 43 123321",599.99,"PR",10,386,762,66,34,60,3
245562,2,"KANTANA-233","IG9818","ADIDAS TENIS KANTANA","ADIDAS TENIS KANTANA","TAM.39 AO 42 1221",599.99,"PR",10,386,762,66,34,60,3
245563,2,"KANTANA-233","IG9818","ADIDAS TENIS KANTANA","ADIDAS TENIS KANTANA","TAM.39 AO 44 133221",599.99,"PR",10,386,762,66,34,60,3
245564,1,"KANTANA-233","IG9820","ADIDAS TENIS KANTANA","ADIDAS TENIS KANTANA","TAM.37 AO 42 123321",599.99,"PR",10,386,2355,66,34,60,3
245565,2,"KANTANA-233","IG9820","ADIDAS TENIS KANTANA","ADIDAS TENIS KANTANA","TAM.38 AO 43 123321",599.99,"PR",10,386,2355,66,34,60,3
245566,2,"KANTANA-233","IG9820","ADIDAS TENIS KANTANA","ADIDAS TENIS KANTANA","TAM.39 AO 42 1221",599.99,"PR",10,386,2355,66,34,60,3
245567,2,"KANTANA-233","IG9820","ADIDAS TENIS KANTANA","ADIDAS TENIS KANTANA","TAM.39 AO 44 133221",599.99,"PR",10,386,2355,66,34,60,3
245568,2,"KANTANA-233","IG9823","ADIDAS TENIS KANTANA","ADIDAS TENIS KANTANA","TAM.34 AO 39 123321",599.99,"PR",10,386,443,66,34,60,3
245569,2,"KANTANA-233","IG9823","ADIDAS TENIS KANTANA","ADIDAS TENIS KANTANA","TAM.35 AO 38 1221",599.99,"PR",10,386,443,66,34,60,3
245570,1,"KANTANA-233","IG9823","ADIDAS TENIS KANTANA","ADIDAS TENIS KANTANA","TAM.35 AO 40 123321",599.99,"PR",10,386,443,66,34,60,3
245571,2,"KANTANA-233","IG9826","ADIDAS TENIS KANTANA","ADIDAS TENIS KANTANA","TAM.34 AO 39 123321",599.99,"PR",10,2400,2144,66,34,60,3
245572,2,"KANTANA-233","IG9826","ADIDAS TENIS KANTANA","ADIDAS TENIS KANTANA","TAM.35 AO 38 1221",599.99,"PR",10,2400,2144,66,34,60,3
245573,1,"KANTANA-233","IG9826","ADIDAS TENIS KANTANA","ADIDAS TENIS KANTANA","TAM.35 AO 40 123321",599.99,"PR",10,2400,2144,66,34,60,3
245574,2,"KANTANA-233","IG9829","ADIDAS TENIS KANTANA","ADIDAS TENIS KANTANA","TAM.34 AO 39 123321",599.99,"PR",10,530,2594,66,34,60,3
245575,2,"KANTANA-233","IG9829","ADIDAS TENIS KANTANA","ADIDAS TENIS KANTANA","TAM.35 AO 38 1221",599.99,"PR",10,530,2594,66,34,60,3
245576,1,"KANTANA-233","IG9829","ADIDAS TENIS KANTANA","ADIDAS TENIS KANTANA","TAM.35 AO 40 123321",599.99,"PR",10,530,2594,66,34,60,3
245577,1,"FLUIDFLOW 3.0-233","IG9833","ADIDAS TENIS FLUIDFLOW 3 0","ADIDAS TENIS FLUIDFLOW 3 0","TAM.37 AO 42 123321",599.99,"PR",10,1266,386,66,34,60,3
245578,2,"FLUIDFLOW 3.0-233","IG9833","ADIDAS TENIS FLUIDFLOW 3 0","ADIDAS TENIS FLUIDFLOW 3 0","TAM.38 AO 43 123321",599.99,"PR",10,1266,386,66,34,60,3
245579,2,"FLUIDFLOW 3.0-233","IG9833","ADIDAS TENIS FLUIDFLOW 3 0","ADIDAS TENIS FLUIDFLOW 3 0","TAM.39 AO 42 1221",599.99,"PR",10,1266,386,66,34,60,3
245580,2,"FLUIDFLOW 3.0-233","IG9833","ADIDAS TENIS FLUIDFLOW 3 0","ADIDAS TENIS FLUIDFLOW 3 0","TAM.39 AO 44 133221",599.99,"PR",10,1266,386,66,34,60,3
245581,1,"FLUIDFLOW 3.0-233","IG9835","ADIDAS TENIS FLUIDFLOW 3 0","ADIDAS TENIS FLUIDFLOW 3 0","TAM.37 AO 42 123321",599.99,"PR",10,380,386,66,34,60,3
245582,2,"FLUIDFLOW 3.0-233","IG9835","ADIDAS TENIS FLUIDFLOW 3 0","ADIDAS TENIS FLUIDFLOW 3 0","TAM.38 AO 43 123321",599.99,"PR",10,380,386,66,34,60,3
245583,2,"FLUIDFLOW 3.0-233","IG9835","ADIDAS TENIS FLUIDFLOW 3 0","ADIDAS TENIS FLUIDFLOW 3 0","TAM.39 AO 42 1221",599.99,"PR",10,380,386,66,34,60,3
245584,2,"FLUIDFLOW 3.0-233","IG9835","ADIDAS TENIS FLUIDFLOW 3 0","ADIDAS TENIS FLUIDFLOW 3 0","TAM.39 AO 44 133221",599.99,"PR",10,380,386,66,34,60,3
245585,1,"FLUIDFLOW 3.0-233","IG9838","ADIDAS TENIS FLUIDFLOW 3 0","ADIDAS TENIS FLUIDFLOW 3 0","TAM.37 AO 42 123321",599.99,"PR",10,386,2353,66,34,60,3
245586,2,"FLUIDFLOW 3.0-233","IG9838","ADIDAS TENIS FLUIDFLOW 3 0","ADIDAS TENIS FLUIDFLOW 3 0","TAM.38 AO 43 123321",599.99,"PR",10,386,2353,66,34,60,3
245587,2,"FLUIDFLOW 3.0-233","IG9838","ADIDAS TENIS FLUIDFLOW 3 0","ADIDAS TENIS FLUIDFLOW 3 0","TAM.39 AO 42 1221",599.99,"PR",10,386,2353,66,34,60,3
245588,2,"FLUIDFLOW 3.0-233","IG9838","ADIDAS TENIS FLUIDFLOW 3 0","ADIDAS TENIS FLUIDFLOW 3 0","TAM.39 AO 44 133221",599.99,"PR",10,386,2353,66,34,60,3
245589,1,"PARK ST-233","IG9846","ADIDAS TENIS PARK ST","ADIDAS TENIS PARK ST","TAM.37 AO 42 123321",499.99,"PR",10,380,380,66,34,60,3
245590,2,"PARK ST-233","IG9846","ADIDAS TENIS PARK ST","ADIDAS TENIS PARK ST","TAM.38 AO 43 123321",499.99,"PR",10,380,380,66,34,60,3
245591,2,"PARK ST-233","IG9846","ADIDAS TENIS PARK ST","ADIDAS TENIS PARK ST","TAM.39 AO 42 1221",499.99,"PR",10,380,380,66,34,60,3
245592,2,"PARK ST-233","IG9846","ADIDAS TENIS PARK ST","ADIDAS TENIS PARK ST","TAM.39 AO 44 133221",499.99,"PR",10,380,380,66,34,60,3
245593,1,"PARK ST-233","IG9847","ADIDAS TENIS PARK ST","ADIDAS TENIS PARK ST","TAM.37 AO 42 123321",499.99,"PR",10,780,780,66,34,60,3
245594,2,"PARK ST-233","IG9847","ADIDAS TENIS PARK ST","ADIDAS TENIS PARK ST","TAM.38 AO 43 123321",499.99,"PR",10,780,780,66,34,60,3
245595,2,"PARK ST-233","IG9847","ADIDAS TENIS PARK ST","ADIDAS TENIS PARK ST","TAM.39 AO 42 1221",499.99,"PR",10,780,780,66,34,60,3
245596,2,"PARK ST-233","IG9847","ADIDAS TENIS PARK ST","ADIDAS TENIS PARK ST","TAM.39 AO 44 133221",499.99,"PR",10,780,780,66,34,60,3
245597,1,"PARK ST-233","IG9848","ADIDAS TENIS PARK ST","ADIDAS TENIS PARK ST","TAM.37 AO 42 123321",499.99,"PR",10,386,386,66,34,60,3
245598,2,"PARK ST-233","IG9848","ADIDAS TENIS PARK ST","ADIDAS TENIS PARK ST","TAM.38 AO 43 123321",499.99,"PR",10,386,386,66,34,60,3
245599,2,"PARK ST-233","IG9848","ADIDAS TENIS PARK ST","ADIDAS TENIS PARK ST","TAM.39 AO 42 1221",499.99,"PR",10,386,386,66,34,60,3
245600,2,"PARK ST-233","IG9848","ADIDAS TENIS PARK ST","ADIDAS TENIS PARK ST","TAM.39 AO 44 133221",499.99,"PR",10,386,386,66,34,60,3
245601,2,"PARK ST-233","IG9850","ADIDAS TENIS PARK ST","ADIDAS TENIS PARK ST","TAM.34 AO 39 123321",499.99,"PR",10,386,386,66,34,60,3
245602,2,"PARK ST-233","IG9850","ADIDAS TENIS PARK ST","ADIDAS TENIS PARK ST","TAM.35 AO 38 1221",499.99,"PR",10,386,386,66,34,60,3
245603,1,"PARK ST-233","IG9850","ADIDAS TENIS PARK ST","ADIDAS TENIS PARK ST","TAM.35 AO 40 123321",499.99,"PR",10,386,386,66,34,60,3
245604,1,"PARK ST-233","IG9854","ADIDAS TENIS PARK ST","ADIDAS TENIS PARK ST","TAM.37 AO 42 123321",499.99,"PR",10,2597,2607,66,34,60,3
245605,2,"PARK ST-233","IG9854","ADIDAS TENIS PARK ST","ADIDAS TENIS PARK ST","TAM.38 AO 43 123321",499.99,"PR",10,2597,2607,66,34,60,3
245606,2,"PARK ST-233","IG9854","ADIDAS TENIS PARK ST","ADIDAS TENIS PARK ST","TAM.39 AO 42 1221",499.99,"PR",10,2597,2607,66,34,60,3
245607,2,"PARK ST-233","IG9854","ADIDAS TENIS PARK ST","ADIDAS TENIS PARK ST","TAM.39 AO 44 133221",499.99,"PR",10,2597,2607,66,34,60,3
245608,1,"PARK ST-233","IG9855","ADIDAS TENIS PARK ST","ADIDAS TENIS PARK ST","TAM.37 AO 42 123321",499.99,"PR",10,387,745,66,34,60,3
245609,2,"PARK ST-233","IG9855","ADIDAS TENIS PARK ST","ADIDAS TENIS PARK ST","TAM.38 AO 43 123321",499.99,"PR",10,387,745,66,34,60,3
245610,2,"PARK ST-233","IG9855","ADIDAS TENIS PARK ST","ADIDAS TENIS PARK ST","TAM.39 AO 42 1221",499.99,"PR",10,387,745,66,34,60,3
245611,2,"PARK ST-233","IG9855","ADIDAS TENIS PARK ST","ADIDAS TENIS PARK ST","TAM.39 AO 44 133221",499.99,"PR",10,387,745,66,34,60,3
245612,2,"PARK ST-233","IG9857","ADIDAS TENIS PARK ST","ADIDAS TENIS PARK ST","TAM.34 AO 39 123321",499.99,"PR",10,2349,2611,66,34,60,3
245613,2,"PARK ST-233","IG9857","ADIDAS TENIS PARK ST","ADIDAS TENIS PARK ST","TAM.35 AO 38 1221",499.99,"PR",10,2349,2611,66,34,60,3
245614,1,"PARK ST-233","IG9857","ADIDAS TENIS PARK ST","ADIDAS TENIS PARK ST","TAM.35 AO 40 123321",499.99,"PR",10,2349,2611,66,34,60,3
245615,1,"GRAND COURT BASE 2.0 SIMP-233","IQ5679","ADIDAS GRAND COURT BASE 2 0","ADIDAS TENIS GRAND COURT BASE 2 0","TAM.37 AO 42 123321",349.99,"PR",10,386,380,66,34,60,3
245616,2,"GRAND COURT BASE 2.0 SIMP-233","IQ5679","ADIDAS GRAND COURT BASE 2 0","ADIDAS TENIS GRAND COURT BASE 2 0","TAM.38 AO 43 123321",349.99,"PR",10,386,380,66,34,60,3
245617,2,"GRAND COURT BASE 2.0 SIMP-233","IQ5679","ADIDAS GRAND COURT BASE 2 0","ADIDAS TENIS GRAND COURT BASE 2 0","TAM.39 AO 44 133221",349.99,"PR",10,386,380,66,34,60,3
245618,1,"GRAND COURT BASE 2.0 SIMP-233","IQ5680","ADIDAS GRAND COURT BASE 2 0","ADIDAS TENIS GRAND COURT BASE 2 0","TAM.37 AO 42 123321",349.99,"PR",10,380,386,66,34,60,3
245619,2,"GRAND COURT BASE 2.0 SIMP-233","IQ5680","ADIDAS GRAND COURT BASE 2 0","ADIDAS TENIS GRAND COURT BASE 2 0","TAM.38 AO 43 123321",349.99,"PR",10,380,386,66,34,60,3
245620,2,"GRAND COURT BASE 2.0 SIMP-233","IQ5680","ADIDAS GRAND COURT BASE 2 0","ADIDAS TENIS GRAND COURT BASE 2 0","TAM.39 AO 44 133221",349.99,"PR",10,380,386,66,34,60,3
245621,1,"GRAND COURT BASE 2.0 SIMP-233","IQ5681","ADIDAS GRAND COURT BASE 2 0","ADIDAS TENIS GRAND COURT BASE 2 0","TAM.37 AO 42 123321",349.99,"PR",10,386,793,66,34,60,3
245622,2,"GRAND COURT BASE 2.0 SIMP-233","IQ5681","ADIDAS GRAND COURT BASE 2 0","ADIDAS TENIS GRAND COURT BASE 2 0","TAM.38 AO 43 123321",349.99,"PR",10,386,793,66,34,60,3
245623,2,"GRAND COURT BASE 2.0 SIMP-233","IQ5681","ADIDAS GRAND COURT BASE 2 0","ADIDAS TENIS GRAND COURT BASE 2 0","TAM.39 AO 44 133221",349.99,"PR",10,386,793,66,34,60,3
245624,2,"GRAND COURT BASE 2.0 SIMP-233","IQ7281","ADIDAS GRAND COURT BASE 2 0","ADIDAS TENIS GRAND COURT BASE 2 0","TAM.34 AO 39 123321",349.99,"PR",10,386,380,66,34,60,3
245625,1,"GRAND COURT BASE 2.0 SIMP-233","IQ7281","ADIDAS GRAND COURT BASE 2 0","ADIDAS TENIS GRAND COURT BASE 2 0","TAM.35 AO 40 123321",349.99,"PR",10,386,380,66,34,60,3
245626,2,"GRAND COURT BASE 2.0 SIMP-233","IQ7282","ADIDAS GRAND COURT BASE 2 0","ADIDAS TENIS GRAND COURT BASE 2 0","TAM.34 AO 39 123321",349.99,"PR",10,380,386,66,34,60,3
245627,1,"GRAND COURT BASE 2.0 SIMP-233","IQ7282","ADIDAS GRAND COURT BASE 2 0","ADIDAS TENIS GRAND COURT BASE 2 0","TAM.35 AO 40 123321",349.99,"PR",10,380,386,66,34,60,3
245628,1,"AX2S-233","Q46587","ADIDAS TENIS AX2S","ADIDAS TENIS AX2S","TAM.37 AO 42 123321",599.99,"PR",10,380,380,66,44,60,3
245629,2,"AX2S-233","Q46587","ADIDAS TENIS AX2S","ADIDAS TENIS AX2S","TAM.38 AO 43 123321",599.99,"PR",10,380,380,66,44,60,3
245630,2,"AX2S-233","Q46587","ADIDAS TENIS AX2S","ADIDAS TENIS AX2S","TAM.39 AO 42 1221",599.99,"PR",10,380,380,66,44,60,3
245631,2,"AX2S-233","Q46587","ADIDAS TENIS AX2S","ADIDAS TENIS AX2S","TAM.39 AO 44 133221",599.99,"PR",10,380,380,66,44,60,3
245637,1,"ADILETTE AQUA K","F35556","ADIDAS CHINELO ADILETTE AQUA","ADIDAS CHINELO ADILETTE AQUA","TAM.26/27 AO 32/33 1221",179.99,"PR",10,380,386,66,34,65,3
245638,2,"ADILETTE AQUA K","F35556","ADIDAS CHINELO ADILETTE AQUA","ADIDAS CHINELO ADILETTE AQUA","TAM.26/27 AO 36/37 123321",179.99,"PR",10,380,386,66,34,65,3
250049,2,"ADILETTE AQUA-233","GC0524","ADIDAS CHINELO ADILETTE AQUA","ADIDAS CHINELO ADILETTE AQUA","TAM.38/39 AO 44/45 1221",199.99,"PR",10,478,386,66,34,60,3
250128,2,"ADVANTAGE CF I-233","GW6497","ADIDAS TENIS ADVANTAGE","ADIDAS TENIS ADVANTAGE","TAM.22 AO 25 2442",249.99,"PR",10,380,380,66,34,65,3
250129,2,"GRAND COURT 2.0 CF I-233","GW6523","ADIDAS TENIS GRAND COURT 2 0","ADIDAS TENIS GRAND COURT 2 0","TAM.22 AO 25 2442",249.99,"PR",10,380,386,66,34,65,3
250131,2,"GRAND COURT 2.0 CF I-233","GW6527","ADIDAS TENIS GRAND COURT 2 0","ADIDAS TENIS GRAND COURT 2 0","TAM.22 AO 25 2442",249.99,"PR",10,386,380,66,34,65,3
250132,2,"GRAND COURT 2.0 CF I-233","HP8918","ADIDAS TENIS GRAND COURT 2 0","ADIDAS TENIS GRAND COURT 2 0","TAM.22 AO 25 2442",249.99,"PR",10,380,2338,66,34,65,3
250133,2,"ADVANTAGE CF I-233","IG2545","ADIDAS TENIS ADVANTAGE","ADIDAS TENIS ADVANTAGE","TAM.22 AO 25 2442",249.99,"PR",10,386,380,66,34,65,3
250134,2,"GRAND COURT 2.0 CF I-233","IG2556","ADIDAS TENIS GRAND COURT 2 0","ADIDAS TENIS GRAND COURT 2 0","TAM.22 AO 25 2442",249.99,"PR",10,450,431,66,34,65,3
250135,2,"TENSAUR RUN 2.0 CF I-233","IF0355","ADIDAS TENIS TENSAUR RUN 2 0","ADIDAS TENIS TENSAUR RUN 2 0","TAM.22 AO 25 2442",279.99,"PR",10,435,2612,66,34,65,3
250136,2,"TENSAUR RUN 2.0 CF I-233","IF0356","ADIDAS TENIS TENSAUR RUN 2 0","ADIDAS TENIS TENSAUR RUN 2 0","TAM.22 AO 25 2442",279.99,"PR",10,435,2145,66,34,65,3
250137,2,"RUNFALCON 3.0 AC I-233","HP5860","ADIDAS TENIS RUNFALCON 3 0","ADIDAS TENIS RUNFALCON 3 0","TAM.22 AO 25 2442",279.99,"PR",10,2339,2336,66,34,65,3
250138,2,"RUNFALCON 3.0 AC I-233","HP5863","ADIDAS TENIS RUNFALCON 3 0","ADIDAS TENIS RUNFALCON 3 0","TAM.22 AO 25 2442",299.99,"PR",10,380,386,66,34,65,3
250139,2,"RUNFALCON 3.0 AC I-233","HP5866","ADIDAS TENIS RUNFALCON 3 0","ADIDAS TENIS RUNFALCON 3 0","TAM.22 AO 25 2442",299.99,"PR",10,2338,398,66,34,65,3
250140,2,"RUNFALCON 3.0 AC I-233","IG5390","ADIDAS TENIS RUNFALCON 3 0","ADIDAS TENIS RUNFALCON 3 0","TAM.22 AO 25 2442",299.99,"PR",10,380,494,66,34,65,3
250141,2,"BREAKNET MICKEY CF I-233","IG7161","ADIDAS TENIS BREAKNET MICKEY","ADIDAS TENIS BREAKNET MICKEY","TAM.22 AO 25 2442",299.99,"PR",10,386,380,66,34,65,3
250142,2,"GRAND COURT SPIDER-MAN CF I-233","IF9893","ADIDAS GRAND COURT SPIDER MAN","ADIDAS TENIS GRAND COURT SPIDER MAN","TAM.22 AO 25 2442",349.99,"PR",10,386,380,66,34,65,3
250143,2,"GRAND COURT 2.0 CF I-233","IG4848","ADIDAS TENIS GRAND COURT 2 0","ADIDAS TENIS GRAND COURT 2 0","TAM.22 AO 25 2442",349.99,"PR",10,386,380,66,34,65,3
250144,2,"SURU365 MICKEY I-233","IG7179","ADIDAS TENIS SURU MICKEY","ADIDAS TENIS SURU MICKEY","TAM.22 AO 25 2442",379.99,"PR",10,2355,386,66,34,65,3
250145,2,"FORTARUN MICKEY AC I-233","IG7166","ADIDAS TENIS FORTARUN MICKEY","ADIDAS TENIS FORTARUN MICKEY","TAM.22 AO 25 2442",399.99,"PR",10,380,2353,66,34,65,3
250608,2,"X CRAZYFAST.4 TF","IE1577","ADIDAS CHUT X CRAZYFAST SOC P4","ADIDAS CHUT X CRAZYFAST SOC P4","TAM. 38 AO 43 123321",399.99,"PR",10,380,380,66,31,60,3
250609,2,"X CRAZYFAST.4 TF","IE1577","ADIDAS CHUT X CRAZYFAST SOC P4","ADIDAS CHUT X CRAZYFAST SOC P4","TAM. 39 AO 44 123321",399.99,"PR",10,380,380,66,31,60,3
250610,2,"X CRAZYFAST.4 TF","IE1577","ADIDAS CHUT X CRAZYFAST SOC P4","ADIDAS CHUT X CRAZYFAST SOC P4","TAM. 39 AO 42 1221",399.99,"PR",10,380,380,66,31,60,3
250611,2,"X CRAZYFAST.4 TF","IE1583","ADIDAS CHUT X CRAZYFAST SOC P4","ADIDAS CHUT X CRAZYFAST SOC P4","TAM. 38 AO 43 123321",399.99,"PR",10,386,380,66,31,60,3
250612,2,"X CRAZYFAST.4 TF","IE1583","ADIDAS CHUT X CRAZYFAST SOC P4","ADIDAS CHUT X CRAZYFAST SOC P4","TAM. 39 AO 44 123321",399.99,"PR",10,386,380,66,31,60,3
250613,2,"X CRAZYFAST.4 TF","IE1583","ADIDAS CHUT X CRAZYFAST SOC P4","ADIDAS CHUT X CRAZYFAST SOC P4","TAM. 39 AO 42 1221",399.99,"PR",10,386,380,66,31,60,3
250614,2,"X CRAZYFAST.4 IN","IE1585","ADIDAS CHUT X CRAZYFAST SALAO","ADIDAS CHUT X CRAZYFAST SALAO P4","TAM. 38 AO 43 123321",399.99,"PR",10,2355,386,66,13,60,3
250615,2,"X CRAZYFAST.4 IN","IE1585","ADIDAS CHUT X CRAZYFAST SALAO","ADIDAS CHUT X CRAZYFAST SALAO P4","TAM. 39 AO 42 123321",399.99,"PR",10,2355,386,66,13,60,3
250616,2,"X CRAZYFAST.4 IN","IE1585","ADIDAS CHUT X CRAZYFAST SALAO","ADIDAS CHUT X CRAZYFAST SALAO P4","TAM. 39 AO 44 123321",399.99,"PR",10,2355,386,66,13,60,3
250617,2,"ADILETTE COMFORT","GW8754","ADIDAS CHINELO ADILETTE COMFOR","ADIDAS CHINELO ADILETTE COMFORT","TAM. 33/34 AO 39/40 1452",299.99,"PR",10,1668,756,66,34,60,3
250618,2,"ADILETTE COMFORT","GW8754","ADIDAS CHINELO ADILETTE COMFOR","ADIDAS CHINELO ADILETTE COMFORT","TAM. 38/39 AO 44/45 1452",299.99,"PR",10,1668,756,66,34,60,3